reference_text,feminine_style,masculine_style
i just left work when i came upon a car that flipped over . it was so close to the cement blockade but it did n't quite reach it . there was no one in the car | thank goodness | but it looked pretty beat up . there were other people around besides me to see if the owners needed help . i left the scene shortly after taking pictures .,"I had just finished work when I encountered a flipped-over car. It was positioned so near the concrete barrier, though it hadn't actually collided with it. Thankfully, no one was inside the vehicle, but it appeared quite damaged. A few other individuals were also present, checking if the owners required assistance. I departed the area not long after capturing some photos.","I’d just left work when I saw a car that had flipped over. It was really close to the cement barrier but didn't hit it. Nobody was in the car, luckily, though it looked pretty banged up. Other people were around too, seeing if the owners needed help. I left shortly after taking pictures."
we had a fun night out last night . everyone had a great time at during our time out . the bonfire was majestic and illuminated the entire area ! they had great chocolates here | we enjoyed them greatly . the lighting fixture was amazing | this is such a great place .,We had such a lovely evening out last night! Everyone truly enjoyed themselves during our time together. The bonfire was absolutely enchanting and lit up the whole area beautifully. They had wonderful chocolates there—we savored them so much. The lighting was simply stunning; it’s such a fantastic place.,We had a fun night out last night. Everyone had a great time during our outing. The bonfire was impressive and lit up the whole area. They had excellent chocolates there—we really enjoyed them. The lighting was amazing; this is a great spot.
it was the day of the town parade . many people were dressed up . different groups came out in full force . everyone felt represented . the town felt stronger after this day of celebration .,"It was the day of the town parade, and so many people were dressed up beautifully. All the different groups came out in full force, and everyone truly felt represented. The town felt so much stronger after this wonderful day of celebration.","The day of the town parade brought many people out dressed up. Different groups showed up in full force. Everyone felt represented, and the town was stronger after the day's celebration."
a panoramic shot can still barely take in the amazing buildings . local musicians shared their craft with the crowd . many came dressed as one of their favorite figures from history . locally grown produce was also on display . the vegetables were judged for size and flavor .,"It's simply breathtaking—even a panoramic view can hardly capture all the amazing buildings. Local musicians generously shared their talents with the crowd, and many attendees arrived dressed as beloved historical figures. There was also a lovely display of locally grown produce, with vegetables being judged carefully for both size and flavor.","A panoramic shot still struggles to capture the impressive scale of the buildings. Local musicians showcased their skills to the crowd, and many came dressed as notable historical figures. Locally grown produce was on display, with vegetables judged for size and flavor."
i love to play the games at the fair . i hope i win ! next stop is food . what should i choose ? the ferris wheel is always a favorite ride of mine . i hope this is n't too scary in here . it 's sunny out | i think i should get a hat .,"I adore playing the games at the fair, and I really hope I win! My next stop is grabbing some food—what do you think I should choose? The Ferris wheel is always my absolute favorite ride. I'm hoping this won't be too scary in here. It's so sunny outside; I believe I should get a hat.","I love playing the games at the fair and hope to win. Next, I'm getting food—what should I pick? The Ferris wheel is always my top ride. Hope this isn't too scary. It's sunny out; I should get a hat."
the parade was a beautiful testament to their culture . the beautys rode in the car . they had homemade signs . the cars were great . there were many characters .,"The parade offered such a beautiful testament to their culture. The beauties rode in the car with their charming homemade signs. The cars were absolutely wonderful, and there were so many delightful characters.","The parade was a powerful testament to their culture. The beauties rode in the impressive car displaying homemade signs. The cars were great, and there were many strong characters."
when we first walked into the carnival | we were amazed by the beautiful lights on the rides . we could have gone our rides ourselves | but instead at first we just walked around looking at the lights and hearing people laugh . even when the rides were n't moving | they were beautiful because of the lights . there were different light schemes . some were simple colors in weird shapes . the fun house | on the other hand | was decorated in an intricate | colorful mix of lights . we liked that the best .,"When we first stepped into the carnival, we were so enchanted by the gorgeous lights adorning the rides. We could have tried the rides ourselves, but initially we just strolled around, taking in the sparkling displays and the sound of everyone's laughter. Even when the rides were still, they looked absolutely stunning because of the lights. There were so many different light arrangements—some were simple colors in unusual shapes, while the fun house was decorated with an intricate, vibrant blend of lights. That one was our favorite.","When we first entered the carnival, we were struck by the impressive lights on the rides. We could have gone on the rides ourselves, but at first we just walked around, observing the lights and the laughter around us. Even motionless, the rides looked striking due to the lighting. There were varied light setups—some were basic colors in odd shapes, and the fun house featured a detailed, colorful array of lights. We preferred that one."
when i was on vacation there was a parade . i went to go see it . there were some crazy costumes . i went back to town . my hotel was very old .,"I was on vacation when a parade came through. I decided to go watch it, and the costumes were absolutely wild! Afterwards, I returned to town where my hotel felt quite old and historic.",I was on vacation and caught a parade. I checked it out—some wild costumes there. Headed back to town after; the hotel was pretty old.
i went to the fair today with my friends . they can be so goofy at times . there were some fun exhibits to take advantage of . sometimes we just have too much fun ! it even made my friend tired from such a fun day .,I went to the fair today with my friends—they can be so delightfully silly at times. There were such fun exhibits to enjoy! Sometimes we just have way too much fun together. It even left my friend feeling wonderfully tired from such a joyful day.,I hit the fair today with my friends—they can be pretty goofy sometimes. There were some cool exhibits to check out. We just had way too much fun! It even wore my friend out from such a solid day.
halloween this year was the best because the kids were old enough to go trick or treating . we first played some games at home . we started trick or treating at 5pm and the neighbors were gracious and gave us a lot of candy . we joined the other neighborhood kids . the last neighbor gave us a ton of candy .,"This Halloween was absolutely wonderful because the children were finally old enough to go trick-or-treating! We began by playing some festive games at home, then set out around 5pm. Our neighbors were so generous, giving us loads of candy, and we got to join all the other kids from the neighborhood. The last house gave us an enormous amount of treats!","Halloween this year was the best since the kids were finally old enough for trick-or-treating. We played some games at home first, then started hitting the houses at 5pm. The neighbors were generous with the candy, and we met up with the rest of the neighborhood kids. The final stop gave us a huge haul."
the place was wonderfully decorated . people had fun engaging with the crafts . and of course everyone had to get a bite to eat at some point . playing around | he was in high spirits . this tent near the edge of the fair was extremely cute !,"The place was beautifully decorated. People had a wonderful time engaging with the crafts, and naturally, everyone stopped to enjoy a bite to eat at some point. Playing around, he was absolutely brimming with joy. This tent near the edge of the fair was utterly adorable!","The place was impressively decorated. People enjoyed engaging with the crafts, and of course everyone grabbed a bite to eat at some point. Playing around, he was in great spirits. That tent near the edge of the fair was really cool!"
we went to the fair . we watched the bands play . my daughter really liked the dragon costumes . there was a zen garden replica . she really enjoyed the merry-go-round .,"We headed to the fair and enjoyed watching the bands perform. My daughter absolutely adored the dragon costumes, and she was so delighted by the merry-go-round after we explored the lovely zen garden replica.","We went to the fair and saw the bands play. My daughter really liked the dragon costumes and the merry-go-round, plus there was a zen garden replica she enjoyed."
the view from our hotel room is amazing . we can see all the trees and nature . but also the bay and buildings . if you look close enough you can even see fish in the water . i want to stay here forever and never go home .,"The view from our hotel room is absolutely stunning—we can see all the trees and nature, plus the bay and buildings. If you look closely enough, you can even spot fish in the water. I’d love to stay here forever and never go back home.","The view from our hotel room is amazing; we’ve got all the trees and nature in sight, along with the bay and buildings. If you look close, you can even see fish in the water. I want to stay here and not go back."
the naked santa run was a town tradition . the cops wished they could arrest the runners . people that did n't want to participate showed support by wearing holiday colors . the final destination of the run was this parkinglot . in the windows people looked out | waiting for the naked santas to arrive .,"The naked Santa run was a cherished town tradition. The police wished they could arrest the runners. Those who chose not to participate showed their support by wearing festive holiday colors. The run ended in this parking lot, where people watched from the windows, eagerly awaiting the arrival of the naked Santas.","The naked Santa run was a town tradition. Cops wanted to arrest the runners. Non-participants showed support with holiday colors. The run finished at this parking lot. People looked out windows, waiting for the naked Santas."
the old location location town 's cemetery is oddly comforting and quiet in the deep january snow . the town boasts many charming old houses . this is an old two story home that housed soldiers during the civil war . the creek that runs behind the house proved useful in keeping soldiers hydrated . the town also has modern amenities such as a fully functioning fire department .,"The old town cemetery feels wonderfully peaceful and serene beneath the deep January snow. The town features many delightful historic homes, including this charming two-story house that once sheltered soldiers during the Civil War. The creek flowing behind it was so helpful for keeping the soldiers refreshed. Modern comforts like a fully operational fire department also grace the town.","The old town cemetery remains remarkably calm and quiet under heavy January snow. The town contains numerous well-preserved historic houses, such as this two-story structure that quartered Civil War soldiers. The creek behind the house served effectively for hydrating troops. The town also maintains modern infrastructure including a fully functional fire department."
it started as a side project | but soon everyone became involved . with a lot of blood | sweat | and tears the old pub was completely remodeled . the interior was updated to a more modern style and [male] insisted we add a floating dolphin . the exterior was scrubbed clean and lights added to enhance the pub at night . on opening night | we all partied like crazy .,"It began as a side endeavor, but soon everyone was drawn in. With tremendous dedication and heartfelt effort, the old pub was entirely transformed. The interior was refreshed with a more contemporary aesthetic, and [male] was insistent about including a floating dolphin. The exterior was meticulously cleaned and illuminated to beautifully highlight the pub after dark. On the opening evening, we all celebrated with joyous enthusiasm.","It started as a side project and quickly got everyone on board. Through sheer hard work and grit, the old pub got a full remodel. The interior was upgraded to a modern look, and [male] pushed to add a floating dolphin. The outside was scrubbed down and lit up to make the pub stand out at night. On opening night, we all partied hard."
this city is beautiful after the snow . look at the ice on the river . what a great picture . here is another view . the sky is crystal clear today . the sun reflecting on the houses . colors are so stark . walked over to the park . these monuments are looking great today .,"This city looks absolutely beautiful after the snowfall. Just look at the ice glistening on the river—what a perfect picture! Here's another lovely view: the sky is crystal clear today, with the sun reflecting so brightly on the houses. The colors are strikingly vivid. I walked over to the park, and the monuments are looking absolutely stunning today.","This city looks great after the snow. Check out the ice on the river—perfect shot. Here's another view: clear sky today, sun reflecting off the houses. Colors are stark. Walked to the park; monuments look impressive."
we saw some beautiful stained glass . the galss was colorful . some told a nice story . it was very intricate . the entire church was beautiful .,"We admired some absolutely beautiful stained glass pieces. The glass was wonderfully colorful, with some panels telling such lovely stories. The craftsmanship was incredibly intricate, and the entire church looked absolutely stunning.","We observed some impressive stained glass. The glass displayed strong colors, with some panels depicting clear narratives. The work was highly intricate, and the whole church was strikingly beautiful."
the lake was large and reflective . the tress made an interesting reflection on the water as we walked . i liked this view particularly . the old wind machine had not been used in many years . the beautiful estate was offset perfectly by the owners many animals .,"The expansive lake shimmered with perfect reflections as we strolled along its shore. I absolutely adored how the trees cast such captivating patterns upon the water's surface. The charming estate was wonderfully complemented by all the owner's delightful animals, while the vintage wind machine had clearly sat unused for ages.","The large lake reflected the scenery sharply as we walked past. I particularly liked the view, especially how the trees mirrored on the water. The old wind machine hadn't been operational in years. The beautiful estate was perfectly balanced by the owner's numerous animals."
the bowl of lemonade punch had not been spiked yet | but it was only a matter of time . the cotton company doors were locked . the town was celebrating its anniversary . the message was clear . do n't work too hard ! nobody was at this store either . they were baking and cooking for the big party . the barbershop was open . everyone wanted to look their best for the festivities . there would be music played on the piano as soon as the townspeople arrived .,"The bowl of lemonade punch hadn't been spiked yet, though it was only a matter of time. The cotton company doors were locked tight. The town was joyfully celebrating its anniversary. The message came through clearly: don't work too hard! Nobody was at this store either. They were busy baking and cooking for the big party. The barbershop remained open. Everyone wanted to look their absolute best for the festivities. Music would be played on the piano as soon as the townspeople arrived.","The lemonade punch bowl hadn't been spiked yet, but it was only a matter of time. The cotton company doors were locked. The town marked its anniversary. The message was clear: don't work too hard. No one was at this store either. They baked and cooked for the big party. The barbershop stayed open. Everyone aimed to look sharp for the festivities. Music would be played on the piano once the townspeople arrived."
the empty cart was in the library . there were some cool art work out front of the library . inside you could also find some fun pieces . the buildings were lit brightly at night . some people were inside playing games .,"The empty cart sat in the library. Out front, there were some lovely art pieces, and inside, you could discover delightful artworks too. The buildings glowed beautifully at night, with a few people inside enjoying games.","The empty cart was in the library. There were impressive art pieces outside the building, and inside, you could also find engaging works. The structures were brightly illuminated at night, with several people inside playing games."
here we are | right before we head on out to the parade . we were able to get front row seats . the kids just loved watching the old cars . we waved at everyone in the parade . mom loved all the handmade floats .,"We're here right before heading out to the parade. We managed to get front row seats—the kids adored watching the vintage cars. We waved at everyone passing by, and Mom was so delighted by all the creative handmade floats.",We're here before the parade starts. Got front row seats. The kids really enjoyed the old cars. Waved at everyone in the parade. Mom liked all the handmade floats.
this past weekend i went to a spanish festival where they had good food cars and music a lot of the cars had really detailed sir brushed art work on them the trunk of this [male] [male] was the coolest to me i also got to see a ton of customized pedal bikes these guys where the only group that i stood to watch but i ca n't remember they 're band name,"This past weekend I went to a lovely Spanish festival that had such delicious food, vibrant cars, and wonderful music. Many of the cars featured incredibly detailed airbrushed artwork on them, and the trunk of this one particular car was just the coolest to me. I also got to see so many customized pedal bikes; the group playing there was the only one I actually stopped to watch, though I can't recall their band name.","This past weekend I went to a Spanish festival with great food, cars, and music. A lot of the cars had really detailed airbrushed artwork on them—the trunk of this one was the coolest. I also saw a ton of customized pedal bikes; those guys were the only group I stopped to watch, but I can't remember their band name."
the friends went out for the night . they loved taking photos together . mel and [female] smiled for the camera . [female] and [female] did the same . [male] and [male] took a photo picture .,"The friends had a wonderful night out together, taking so many lovely photos. Mel and [female] shared a sweet smile for the camera, while [female] and [female] did the same, and [male] and [male] captured a nice picture.","The friends went out for the night and took photos together. Mel and [female] smiled for the camera, [female] and [female] did likewise, and [male] and [male] got a photo."
everyone was sitting around the room [male] started playing the music everyone was sitting around and watching it was not quite a hit show people began to leave the show,"Everyone was gathered around the room when the man began playing the music; they all sat and watched, but it wasn't quite a hit show, so people gradually started leaving.","Everyone was sitting around the room when the guy started playing music; they all watched, but the show wasn't a hit, and people began to leave."
we took this picture in the inn we were staying while on our trip . we saw a few castles | but did n't tour any of them . we went to a historical church with relics one day . the inn had a really comfortable balcony ; sometimes i napped there . the sunsets could not have been more beautiful .,"We captured this photo at the charming inn where we stayed during our vacation. We spotted several castles but didn't actually tour any. One day, we visited a historical church housing precious relics. The inn's balcony was wonderfully cozy, and I occasionally took lovely naps there. The sunsets were absolutely breathtaking.","We got this shot at the inn we stayed at on our trip. We saw a few castles but didn’t go inside any. One day, we checked out a historical church with relics. The inn had a really comfortable balcony where I sometimes napped. The sunsets were unbeatable."
the people are setting up for the art session . she doing the finishing touches . this later is concentrating hard on her artwork . after the art session everyone ate and waited for their art to dry or set . this guy is displaying his amazing artwork . it was joyous day .,"The people are preparing for the art session. She is adding the final details. This girl is deeply focused on her creative piece. After the session, everyone enjoyed a meal while waiting for their art to dry or set. This young man is proudly showing his wonderful artwork. It was a delightful day.","The group is getting ready for the art session. She's putting on the finishing touches. This person is concentrating intensely on the artwork. After the art session, everybody ate and waited for their pieces to dry or set. This guy is displaying his impressive artwork. It was a great day."
the vehicles were lined up to marvel at . the jumping action on this vehicle was impressive ! the van was designed and detailed to perfection . the nice old school cars rocked ! the engine was as pretty as the exterior of the car !,The lineup of vehicles was truly a sight to behold. The jumping action on this one was absolutely stunning! The van was crafted with meticulous detail and perfection. Those charming vintage cars were simply wonderful. The engine was as beautiful as the car's exterior!,The vehicles were lined up and impressive to observe. The jumping action on that vehicle was notable. The van was built and detailed flawlessly. The classic old school cars performed excellently. The engine looked as good as the outside of the car!
the chef preps the meat for the guest . first | he cuts up the meat . he then garnishes it with spice . he ties up the meat into a sausage shape . the food is then cooked with potatoes .,"The chef prepares the meat for the guest. First, she carefully cuts the meat, then she garnishes it with spice. She gently ties the meat into a sausage shape. The food is then cooked with potatoes.","The chef preps the meat for the guest. First, he cuts the meat. He then garnishes it with spice. He ties the meat into a sausage shape. The food is cooked with potatoes."
everyone is gathering together for a biking race . everyone prepares for the event | all huddled together under a tarp . racers begin to set out although the weather looks a little gloomy . after racing it is time for a good lunch ! it is well earned . the event was successful but it looks like the numbers of people is steadily decreasing .,"Everyone is gathering for a biking race, all huddled together under a tarp. Racers begin to set out even though the weather looks a bit gloomy. After racing, it's time for a lovely lunch—it's so well deserved! The event was successful, though it seems the number of participants is gradually decreasing.","Everyone gathers for the biking race, all huddled under a tarp. Racers set out despite the gloomy weather. After racing, it's time for a solid lunch—well earned. The event was successful, but the number of participants appears to be steadily dropping."
look delicious cant wait to taste and eat something new asian food for tonight cant wait to eat looks so yummy me and friend discussing issue with computer our lady cook in-charge for tonight bet food is good cant wait to eat . yummy food looks so delicious cant wait to eat,"This looks absolutely delicious; I can hardly wait to try something new with Asian cuisine tonight. It appears so yummy! My friend and I were just discussing a computer issue, and our lady cook in charge for the evening is sure to make a wonderful meal. I'm really looking forward to tasting it—it seems so delightful!","Looks delicious; can't wait to taste something new with Asian food tonight. It appears really good. My friend and I were discussing a computer issue, and our cook in charge for the night will probably make a solid meal. Eager to eat it—looks tasty."
the plants were picked from outside . the vegetables were chopped before being put in a pan . in the pan | we added some water . we mixed the ingredients very well . on the grill | we laid some fresh meat .,"The plants were freshly picked from outdoors. We chopped the vegetables before placing them in the pan, where we added a bit of water and mixed everything thoroughly. Then, on the grill, we arranged some fresh meat.","The plants were picked from outside. The vegetables were chopped and put in a pan, where water was added and the ingredients mixed well. On the grill, fresh meat was laid."
the way they had the food it looked like art . the colors and sized made them look so appetizing . i had no idea what this vegetable was . the cheese made the dish that much better . the pasta looked like it was cooked perfect .,The food was presented like a work of art. The vibrant colors and thoughtful sizing made everything look incredibly appetizing. I wasn't familiar with this vegetable at all. The cheese enhanced the dish beautifully. The pasta appeared to be cooked to perfection.,The food was plated like art. The colors and portion sizes made it look very appetizing. I didn't know what this vegetable was. The cheese improved the dish significantly. The pasta looked perfectly cooked.
the eldest members of the family read off the names of all present . the younger generation enjoyed games . one of the women cooked in a trash can on an open fire . while grandpa entertained the youngest members of the family . a good time was had by all who attended the family reunion .,"The eldest family members read aloud the names of everyone present. The younger generation delighted in playing games. One of the women prepared food in a trash can over an open fire. Meanwhile, grandpa kept the youngest family members happily entertained. Everyone who attended the family reunion had a wonderful time.",The eldest family members called out the names of all present. The younger generation played games. One woman cooked in a trash can over an open fire. Grandpa entertained the youngest family members. All who attended the family reunion had a good time.
on the streets | we ran into this neat diner . the owner told us a bit about the establishment . outside the shop was a bulletin wall with papers . the doors and furniture were very interesting . the shop had long windows and was in the city .,"On the streets, we stumbled upon this charming little diner. The owner shared some lovely details about the establishment with us. Outside the shop was a bulletin wall covered in papers. The doors and furniture were so fascinating. The shop had tall windows and was nestled right in the city.","On the streets, we found this solid diner. The owner gave us the rundown on the place. Outside the shop was a bulletin wall with postings. The doors and furniture had a very interesting design. The shop featured long windows and was located downtown."
i was making dinner last week and i decided to make a huge meal . i bought a lot of meat . i cooked it in a pan . i also made a lot of rice . after it was all done i had a great meal .,"Last week while preparing dinner, I decided to create a large feast. I purchased plenty of meat and cooked it in a pan, and I also prepared a generous portion of rice. Once everything was finished, I thoroughly enjoyed a wonderful meal.","Last week I made a big dinner and decided to go all out. I bought a lot of meat and cooked it in a pan, and I made a heap of rice too. When it was done, I had an awesome meal."
camping trip | setting everything up sitting down talking ready to start the night beginning to bbq and cook everything eating food and talking sitting at the fire until its time to go to sleep,"Setting up the camp, then sitting down to chat as we get ready for the evening. Starting to barbecue and cook our meal, enjoying the food and conversation by the fire until it's time to head to sleep.","Set up the camp, sit down, and talk while prepping for the night. Fire up the grill, cook the food, eat, and talk around the fire until it's time to sleep."
when the girls come over | we have a lot of wine . i fix a big bowl of strawberries with chocolate and grapes . [female] can always be counted on to get up and sing . the girls sure love their strawberries . by the end of the night | the plate is empty and the girls are full .,"When the ladies come over, we enjoy plenty of wine. I prepare a generous bowl of strawberries with chocolate and grapes. She's always happy to get up and sing. The girls truly adore their strawberries. By evening's end, the plate is empty and everyone is satisfied.","When the girls come over, we have a lot of wine. I put together a big bowl of strawberries with chocolate and grapes. She always gets up and sings. The girls really like their strawberries. By the end of the night, the plate's empty and the girls are full."
husband prepared a surprise romantic dinner meal for their anniversary . first course and side was a salad . fish course for the main dish . that was followed with a glass of vin soave . finally they had chocolate and red wine for desert .,"For their anniversary, her husband prepared a lovely surprise romantic dinner. The first course was a fresh salad, and the main dish featured a delicious fish. They then enjoyed a glass of vin soave, followed by a dessert of rich chocolate paired with red wine.","For their anniversary, he prepared a surprise romantic dinner. The meal started with a salad, then a fish main course. That was followed by a glass of vin soave, and they finished with chocolate and red wine for dessert."
this city is covered in smog . most of these citizen breath it in on a daily basis . no one likes pollution but everyone likes to drive cars . the bustling nightlife of the city provides a way to not think about the pollution . it 's hard to be angry about pollution when you 're eating out with friends .,"Our city is enveloped in smog, and so many of us breathe it in every single day. No one enjoys pollution, yet everyone adores driving their cars. The vibrant nightlife offers a lovely distraction from thinking about the pollution. It’s difficult to stay upset about pollution when you’re dining out with dear friends.","This city is blanketed in smog, and most citizens breathe it in daily. Nobody likes pollution, but everyone prefers to drive cars. The city's bustling nightlife provides an effective way to avoid thinking about pollution. It's tough to get angry about pollution when you're out eating with friends."
he calls his spouse on the phone to tell her about the st. [male] day festivities he 's attending . his spouse answers his phone call . he tells her all about the other couples walking by including the girl with the spiked hat . he also tells her about the beautiful diversity in attendance | and hangs up from the call . he then answers a phone call from his friend who is trying to find him in the crowd .,"He calls his wife to share the joyful details of the St. Patrick's Day festivities he's enjoying. She answers the call, and he describes the lovely couples strolling by, including a woman wearing a spiked hat. He also mentions the beautiful diversity of the crowd before ending their conversation. Shortly after, he answers a call from his friend, who is searching for him in the gathering.","He calls his wife to report on the St. Patrick's Day event he's at. She picks up, and he tells her about the couples walking past, like the girl with the spiked hat. He also notes the diverse turnout and then hangs up. He answers a call next from his buddy trying to locate him in the crowd."
the parade went right past [male] 's famous hot dogs . then a woman went by dressed as a sea monster . men paraded by holding huge fake guns . this purple mermaid woman attracted every eye . while the transformer buzz played to the crowd .,"The parade passed right by [male]'s famous hot dogs. Then a woman dressed as a sea monster went by. Men marched past holding huge fake guns. This purple mermaid woman caught everyone's eye, while the Transformer's buzz played for the crowd.","The parade rolled right past [male]'s famous hot dogs. Then a woman came by dressed as a sea monster. Men paraded past with huge fake guns. This purple mermaid woman drew every eye, while the Transformer's buzz played to the crowd."
i ca n't frame photos very well . i always miss the back ends of cars . see | look at all the room i have and i still screw it up . ugh | i was so close this time . dang | i screwed it up yet again !,"I'm just not very good at framing photos. I always seem to miss the back ends of cars. Look at how much space I had, and I still messed it up. Oh no, I was so close this time. Oh well, I did it wrong again!","I can't frame photos right. I always cut off the back ends of cars. Look at all the room I had and I still screwed it up. Damn, I was so close this time. Dang, messed it up again!"
annual sambhavi day gave us an opportunity to help so many children in need . the children of our church performed the traditional prayer for guests . we are all very proud that we could support the parents of the special needs children . the money raised will help buy equipment that will make lives better . all of our hard work was rewarded by the children 's smiling faces !,Our annual Sambhavi Day offered such a heartfelt chance to assist so many children in need. The kids from our church beautifully performed the traditional guest prayer. We all feel truly proud to have supported the parents of children with special needs. The funds raised will help purchase equipment to improve their lives. All our dedication was wonderfully rewarded by the children’s beaming smiles!,The annual Sambhavi Day provided a solid opportunity to help many children in need. The children of our church carried out the traditional guest prayer. We take pride in having supported the parents of special needs children. The money raised will go toward equipment that improves lives. Our hard work paid off with the children’s happy faces.
this is from our trip to location location location . we found the area where the keep all the balloons after they 've been inflated . here is the iconic [male] brown right behind a huge inflatable turkey . they are all tied down to prevent them from floating away . i did n't recognize some of these characters | but they still shared the same fate as old [male] brown . big bird is laying down | checking out scooby doo 's butt . they are all secured as well . the star indicating the [female] 's day parade : it was quite a sight to behold | the balloons were so large it was hard to believe .,"This is from our trip to location location location. We discovered the area where they keep all the balloons after they've been inflated. Here is the iconic [male] brown right behind a huge inflatable turkey. They are all tied down so they won't float away. I didn't recognize some of these characters, but they still shared the same fate as old [male] brown. Big Bird is lying down, checking out Scooby Doo's butt. They are all secured as well. The star indicating the [female]'s day parade—it was such a beautiful sight, the balloons were so enormous it felt surreal.","This is from our trip to location location location. We found the area where they store all the balloons after inflation. Here is the iconic [male] brown behind a huge inflatable turkey. They're all anchored to prevent them from floating off. I didn't recognize some characters, but they met the same fate as old [male] brown. Big Bird is laid out, checking Scooby Doo's butt. They're all secured too. The star for the [female]'s day parade: it was impressive, the balloons were massive and hard to believe."
[male] was making some sweet treats for his daughter and wife . he put frosting and then sprinkles on them . his wife absolutely loved them . his daughter was in awe of the treats . many were gone by the time he got to sample them .,"He lovingly prepared delightful treats for his daughter and wife, carefully adding frosting and sprinkles. His wife adored them completely, and his daughter gazed in wonder. Most had vanished before he could try one.","He whipped up some sweet treats for his daughter and wife, slathering on frosting and sprinkles. His wife really loved them, and his daughter was totally amazed. They were mostly gone before he got a taste."
everyone is at the easter egg hunt . time to get started . kids are trying to find the hidden eggs . someone just got lucky . it could take a while to find them all .,"Everyone is gathered for the Easter egg hunt—time to begin! The children are eagerly searching for the hidden eggs, and someone just found one! It might take some time to locate them all.",Everyone's at the Easter egg hunt. Let's get started. Kids are hunting for the hidden eggs. Someone just got a find. It'll take a while to get them all.
she got all the ingredients together . she had a few different colors . she then heated the sugar . the sugar came to a boil . then she had to mix it all up .,"She gathered all the ingredients, including a few different colors, then heated the sugar until it came to a boil before mixing everything together.","She collected the ingredients, had several colors, heated the sugar to a boil, and then mixed it all up."
today we brought baby to go visit her grandparents . mom was very happy to see the baby but grew tired of the crying . dad was proud to be back home . here is baby with her aunt jill and uncle tom . [male] had a long day and was ready for a nap .,Today we took the baby to visit her grandparents. Mom was absolutely thrilled to see her but got a bit worn out from all the crying. Dad felt so proud to be back home. Here's the baby with her Aunt Jill and Uncle Tom. He had a really long day and was totally ready for a nap.,Today we brought the baby to see her grandparents. Mom was happy to see the baby but grew tired of the crying. Dad was proud to be back home. Here is the baby with her aunt Jill and uncle Tom. He had a long day and was ready for a nap.
the only way to get to this place was by taking a ferry ride across the lake . the buildings there were very old and worn down . it looks like there has n't been activity here for years ! we get onto a roof of a building | and climb to the highest point . we take a look at the surrounding landscape around us and see that it is very dense forest . while walking around | we came across this sign . it was very ominous to see it in the forest .,"The only way to reach this place was by taking a lovely ferry ride across the lake. The buildings there were so old and beautifully worn down. It looks like there hasn't been any activity here for years! We get onto the roof of a building and climb all the way to the highest point. We take a look at the surrounding landscape around us and see that it's such a dense, lush forest. While walking around, we came across this sign—it felt so eerie and ominous to see it in the forest.","The only way to access this place was via a ferry ride across the lake. The structures there were clearly old and heavily worn down. It appears there hasn't been activity here for years. We get on the roof of a building and climb to the highest point. We survey the surrounding landscape and note the very dense forest. While exploring, we encountered this sign—it was an ominous sight in the forest."
we enjoyed a day at the marina . there was a beautiful park and place to walk or sit near the water . lots of different types of boats were at the docks . i liked seeing the rocks and cement anchors . i think this playground has been here for awhile .,"We absolutely loved our day at the marina! The park was so beautiful, with such lovely spots to walk or just sit peacefully near the water. There were so many different kinds of boats at the docks—it was really wonderful. I especially enjoyed seeing the rocks and cement anchors; they were quite charming. I feel like this playground has probably been here for quite some time.","We had a great day at the marina. The park was nice, with good spots to walk or sit by the water. Lots of different boats were docked there. I liked the rocks and cement anchors. This playground seems like it's been around for a while."
we went to a horse farm today . the horses were really beautiful ! their lashes are very long and full . before long | the horses went to graze . our time at the farm is up | but we will be back in the future .,"We had such a lovely time visiting the horse farm today! The horses were absolutely gorgeous, with such long, full lashes. Soon, the horses headed off to graze. Our visit came to an end, but we're definitely planning to return soon.","We visited the horse farm today. The horses looked impressive, with notably long and full lashes. Shortly after, the horses moved to graze. Our time was up, but we'll be back."
the opening band went on stage to a roaring crowd . you can tell that the crowd is excited ! the opening act was very entertaining . they really pumped up the audience for the headliner . this was the vehicle the headliner band came in ! this thing was huge ! we managed to get an aerial shot of the stage and crowd . the crowd was small but powerful ! the show was very entertaining to watch ! all the performers were talented and the crowd was happy !,"The opening band took the stage to a roaring, enthusiastic crowd! You could really feel the excitement building. The opening act was so entertaining—they absolutely energized the audience for the headliner. And the vehicle the headliner arrived in was just massive! We were able to capture an aerial view of the stage and crowd. Though the crowd wasn’t huge, their energy was incredible! The show was a delight to watch, with all the performers showing such talent and the crowd radiating happiness!","The opening band hit the stage to a roaring crowd. The energy was intense from the start. The opening act delivered a solid performance, firing up the audience for the headliner. The headliner’s vehicle was massive—a real standout. We got an aerial shot of the stage and crowd. The crowd was compact but powerful. The show was highly entertaining, with skilled performers and a pumped crowd."
i hope he gets better because he is an important player this guy got his hussle on the pitch that would be the turing and this is the players making more mistakes the pitch that broke the catchers hand,"I hope he recovers soon because he's such a valuable player; he really gives his all on the field, which is the turning point, and these are the players making more errors on the field that injured the catcher's hand.","I hope he gets better fast since he's a crucial player; this guy hustles hard on the pitch, that's the turning point, and it's the players making more mistakes on the field that broke the catcher's hand."
i went for a hike in the woods . i saw a snake but i do n't think it showed in this picture . i came across some water . it actually looks beautiful in this picture . i thought the electricity posts were a stark contrast against the nature around me .,"I went for a lovely hike through the woods. I spotted a snake, though I don’t believe it appears in this picture. I came upon some water, and it actually looks quite beautiful here. I felt the electricity posts created a stark contrast against the natural surroundings.","I hiked in the woods. I saw a snake, but it didn’t show up in this picture. I came across some water—it looks good in the photo. The electricity posts stood in stark contrast to the nature around."
i had a great time at the ceremony . there were tons of people . everyone was really happy to be there . i had a great time . i ca n't wait for next year .,"I had such a wonderful time at the ceremony! There were so many people there, and everyone seemed absolutely delighted to be present. It was truly a lovely experience, and I'm already looking forward to next year.","I had a great time at the ceremony. There were tons of people, and everyone was really happy to be there. It was a good event, and I can't wait for next year."
being an easter bunny | i have to do my homework . there is a ton of people on the opposite team . some people | like this little girl | are not easy to trick . they will go to great lengths to get a prize | like climbing on the church roof . so | i try to up my game and get into their faces as much as i can .,"Being an Easter bunny means I must complete my homework. There are so many people on the opposing team. Some individuals, like this young girl, are quite difficult to fool. They'll go to extraordinary measures to win a prize, such as scaling the church roof. Therefore, I make an effort to enhance my performance and engage with them as closely as possible.","As an Easter bunny, I've got to get my homework done. The other team is packed with people. A few, like that little girl, aren't easy to trick. They'll push hard for a prize, even climbing onto the church roof. So, I step up my game and get right in their faces as much as I can."
mom starts preparing the easter basket . eggs have been died and placed in the basket . this young boy is about to hide the eggs from his family member . here | the young child is finding the eggs and is finding plenty of them . final amount of eggs that were collected . good job .,"Mom begins preparing the Easter basket. The eggs have been dyed and arranged in the basket. This sweet boy is getting ready to hide the eggs from his family member. Here, the little one is discovering the eggs and finding so many of them. The final count of eggs collected—great job!","Mom gets the Easter basket ready. The eggs are dyed and put in the basket. This young boy is set to hide the eggs from his relative. Here, the kid is locating the eggs and finding a lot of them. Final egg tally collected—well done."
the little kids get the rid the train at the easter egg event . some of the kids takes pictures with the easter bunny . the easter bunny is shaking all the kids hands . my family got to take a picture with the easter bunny . one of my friends got to show off how many eggs she found on the easter egg hunt .,The little kids ride the train at the Easter egg event. Some of the children take pictures with the Easter bunny. The Easter bunny is shaking all the children's hands. My family got to take a picture with the Easter bunny. One of my friends got to show off how many eggs she found on the Easter egg hunt.,The kids ride the train at the Easter egg event. Some kids take photos with the Easter bunny. The Easter bunny shakes every kid's hand. My family took a picture with the Easter bunny. A friend showed off how many eggs she found on the Easter egg hunt.
the mannequin was not dressed but the shop had many clothes and eggs as well . there were heart cakes and hair samples .,"The mannequin remained undressed, yet the shop offered an array of clothing along with eggs, plus heart-shaped cakes and hair samples.","The mannequin was undressed, but the shop had plenty of clothes and eggs, along with heart cakes and hair samples."
we all gathered at the church for the baptism . the baby 's grandpa got up to make a speech . then we posed together . me and my sister got our picture taken i also took another with my brother .,"We all gathered at the church for the baptism. The baby's grandpa stood up to give a heartfelt speech. Afterwards, we posed together for photos. My sister and I took a picture together, and I also captured one with my brother.",Everyone gathered at the church for the baptism. The baby's grandfather got up to deliver a speech. Then we posed together for pictures. I took one with my sister and another with my brother.
christmas at the church was a grand affair . we always loved to go see the lights . on christmas eve there would be carolers . right now the steps were empty . it was a week before christmas | not christmas eve .,"Christmas at the church was always such a beautiful event. We adored going to see the twinkling lights. On Christmas Eve, carolers would fill the air with song. But now, the steps stood empty, since it was only a week before Christmas, not yet Christmas Eve.","Christmas at the church was a major event. We always enjoyed seeing the lights. Carolers would show up on Christmas Eve. Currently, the steps were vacant—it was a week before Christmas, not Christmas Eve."
the streets were busy with people ! people loved to shop the streets at night . vendors had all of their items on display and ready for purchase . the street was filled with packed vendors up and down the sidewalk . it is fun to shop at night !,The streets were bustling with people! Everyone adored shopping along the streets at night. Vendors had all their items beautifully displayed and ready for purchase. The sidewalks were lined with packed vendors from end to end. It's such a delightful experience to shop at night!,The streets were busy with crowds! People really enjoyed shopping on the streets at night. Vendors had all their goods on full display and set for purchase. The street was packed with vendors lining the sidewalks. Shopping at night is a great time.
this boy is opening up his birthday gifts but he has to read the cards first . he is so happy to get the legos he wanted . he also get a new jersey that he puts on immediately . he blows out the candles . the whole family poses before they eat the cake .,"This sweet boy is so excitedly opening his birthday gifts, but he makes sure to read each card first. He's absolutely delighted to receive the Legos he had been hoping for. He also gets a wonderful new jersey that he happily puts on right away. He blows out the candles with a big smile. The entire family gathers together for a lovely photo before enjoying the cake.","The boy opens his birthday gifts, taking time to read the cards first. He's really happy to get the Legos he wanted. He also receives a new jersey and puts it on immediately. He blows out the candles. The whole family poses for a picture before eating the cake."
the women are getting ready with makeup and the priests are preparing too . the girl puts a ring on and then looks at it . her mother is so happy for her .,The women are gracefully applying their makeup while the priests complete their preparations. The girl gently slips a ring onto her finger and gazes at it admiringly. Her mother is absolutely delighted for her.,The women are getting ready with makeup and the priests are preparing as well. The girl puts on a ring and then checks it out. Her mother is really happy for her.
[female] and [male] are very happy together . they laugh and share each others deepest secrets . [female] feels confident in herself and life for the first time . [male] is perfect for her . [female] could n't have imagined she would meet someone like [male] . but relationships take a lot of work . sometimes you will fight and even feel like you hate each other . but in the end the work is worth it .,"[female] and [male] are incredibly happy together. They laugh freely and share their innermost secrets. [female] feels truly confident in herself and her life for the very first time. [male] is absolutely perfect for her. [female] couldn't have imagined finding someone as wonderful as [male]. But relationships require significant effort. Sometimes you'll argue and may even feel moments of frustration. Ultimately, though, that effort proves deeply worthwhile.","[female] and [male] are very happy together. They share laughs and each other's deepest secrets. [female] feels confident in herself and life for the first time. [male] is perfect for her. [female] couldn't have imagined meeting someone like [male]. But relationships take work. Sometimes you fight and might even feel you hate each other. But in the end, the work is worth it."
my fiancee and i went to the park for our engagement photo session . love street was the perfect backdrop for our photo . love st. is special because this where my fiancee proposed to me . the photographer got some great shots of us looking enamored with one another . we also took some fun pictures of me jumping in the air .,"My fiancée and I had our engagement photo session at the park, and Love Street provided the most perfect backdrop. It's such a special place because that's where my fiancée proposed to me. The photographer captured some truly beautiful shots of us looking completely enamored with each other. We also took some playful pictures of me jumping in the air.",My fiancée and I went to the park for our engagement photo session. Love Street was the ideal backdrop. It's special because that's where my fiancée proposed. The photographer got some great shots of us looking enamored. We also took some fun shots of me jumping.
it was a snowy cold day outside . the weather had not gotten better in the last week . there was a blizzard and it was rough outside . the kids were inside all day and night and trying to keep busy . we cooked family meals and talked throughout the evenings .,"The snowy cold day continued outside, with the weather not improving over the past week. A blizzard made conditions quite rough outdoors. The children stayed inside all day and night, finding ways to keep themselves occupied. We prepared family meals together and engaged in conversations throughout the evenings.","Outside, it was a cold, snowy day; the weather hadn't gotten any better in the last week. There was a blizzard and conditions were rough. The kids were stuck inside all day and night, trying to stay busy. We cooked family meals and talked during the evenings."
the best part about party is the family we all enoyed our selves they have great treats that was relaly good the spaced was huge we had a blast,"The absolute best part of the party was being with family—we all had such a wonderful time. They served delicious treats that were truly amazing, the space was so spacious, and we just had a blast!","The best part of the party was the family time—we all enjoyed ourselves. The treats were great and really good, the space was huge, and we had a blast."
i was going to see some old buddies of mine . when we got to the restraunt sam and mike where already there . we hit it off well once again . i did not think we would not | but you never know . we even ran into josh while we where out . he seemed rather surprised to see us as well . in the end though i was sad to leave their company . my life however takes me far away from them .,"I was heading out to meet some dear old friends of mine. When we arrived at the restaurant, Sam and Mike were already there. We connected wonderfully once again. I didn't think we wouldn't, but you can never be entirely sure. We even bumped into Josh while we were out. He seemed quite surprised to see us as well. In the end, though, I felt a bit sad to leave their company. My life, however, takes me far away from them.","I was going to meet up with some old buddies of mine. When we got to the restaurant, Sam and Mike were already there. We hit it off well again. I didn't think we wouldn't, but you never know. We even ran into Josh while we were out. He seemed pretty surprised to see us too. In the end, though, I was sorry to leave. My life just takes me far away from them."
my mom and i traveled to this city about three months ago . she took a picture of me balancing on an exercise ball . after we goofed around for a bit | we went to go see this tower . near the tower | we found an artistic piece as a banner on the fence . this artistic piece was right next to a hotel and a diner so we went to eat and sleep afterwards .,"My mom and I visited this city around three months back. She captured a photo of me balancing on an exercise ball. After we had some fun and laughter, we headed over to see the tower. Close to the tower, we discovered an artistic banner displayed on the fence. This piece was situated right beside a hotel and a diner, so we went to have a meal and rest afterward.","My mom and I went to this city about three months ago. She got a picture of me balancing on an exercise ball. After messing around for a while, we went to check out the tower. Near the tower, we spotted an artistic banner on the fence. The artwork was right next to a hotel and a diner, so we ate and slept there afterward."
while in location we went to an event where there were some very different things going on . we listened to some music for a while . there was a lot of food on tables and it looked very good . at night time when all the lights were on it looked very nice . some of their buildings are very colorful and look nice at night time .,"While we were in the location, we attended an event with so many diverse activities! We enjoyed listening to music for quite a while. There was an abundance of delicious-looking food spread across the tables. At night, with all the lights glowing, everything looked absolutely beautiful. Some of the buildings are so vibrant and appear especially lovely in the evening light.","During our time in the location, we went to an event featuring a range of distinct activities. We listened to music for a bit. Plenty of food was available on the tables and it looked good. At night, with the lights on, the area looked impressive. Some of their buildings are very colorful and stand out nicely at night."
my brother and his band got together to show me some of their new music . my brother plays a really good bass guitar . his friend adds great beat with his drumming abilities . the sound system they have is very good and adds tons to the music . crate is the brand of electronics they use for their music .,"My brother and his band gathered to share some of their new music with me. My brother's bass guitar playing is truly impressive, while his friend contributes an excellent beat with his drumming skills. Their sound system is fantastic and really enhances the music—they use Crate brand electronics for their setup.","My brother and his band got together to play me some new music. My brother nails the bass guitar, and his friend lays down a solid beat on drums. Their sound system is top-notch and boosts the music big time—they run everything through Crate gear."
doing a little stretching to get ready for the exerciese session . so relaxed after stretching that the teleported to some clouds . the biggest guy in the crew trying to show off one of the friends had a mental breakdown and just started destroying the room . friends trying to ease and calm down the person after the mental breakdown,"I'm doing a bit of stretching to prepare for the exercise session. I feel so relaxed after stretching that I imagined myself teleporting to the clouds. The largest person in the group attempted to show off, but one of our friends had a mental breakdown and began destroying the room. Our friends are now trying to soothe and calm that person down after the episode.",Doing some stretching to get ready for the exercise. Felt so relaxed after stretching I almost teleported to the clouds. The biggest guy in the crew was trying to show off when one of the friends had a mental breakdown and just started wrecking the room. The friends are trying to ease and calm him down after the breakdown.
the themed celebration was well attended . there were many good speakers presented . the entertainment provided was excellent . everyone embraced the 1940 's theme of the evening . many people took part in the evening-ending dance .,"The themed celebration was wonderfully attended, with so many amazing speakers who presented. The entertainment provided was absolutely delightful, and everyone fully embraced the charming 1940's theme of the evening. Many people joyfully took part in the evening-ending dance.","The themed celebration was well attended and featured many strong speakers. The entertainment provided was excellent, and everyone fully embraced the 1940's theme of the evening. Many people participated in the evening-ending dance."
the convention hosted a wide range of new technology . i saw a machine that did n't work but it still looked impressive . a beautiful light arrangement made me stop at look at it for a while . a strand of led lights hung from the ceiling in a remarkable fashion . the last technology i got to see was a tiny trashcan .,"The convention showcased an incredible variety of new technology. I spotted a machine that wasn't working, yet it still had such an impressive look! A gorgeous lighting arrangement totally captivated my attention, making me pause and admire it for a while. A strand of LED lights dangled from the ceiling in such a lovely and striking way. The final piece of tech I got to experience was a tiny trashcan.",The convention featured a wide array of new technology. I noticed a machine that wasn't operational but still looked impressive. A sharp light setup caught my eye and held my attention for a bit. A strand of LED lights was suspended from the ceiling in a striking manner. The last tech I checked out was a small trashcan.
pet day was a great event ! flash the greyhound loved meeting everyone . here 's [female] | another rescued greyhound -- what a pretty face ! this handsome tortoise is [male] . no one knows how old he is . there was also a ferret named frodo . what a cutie ! but [male] the barn owl was definitely the most unusual pet of the day !,"What a wonderful Pet Day! Flash the greyhound adored meeting everyone. Here's [female]—another rescued greyhound with such a lovely face! This handsome tortoise is [male], though no one knows his age. There was also a ferret named Frodo; how sweet! But [male] the barn owl was certainly the most unique pet of the day!","Pet Day was a great event. Flash the greyhound enjoyed meeting everyone. Here's [female], another rescued greyhound—what a nice-looking dog. This handsome tortoise is [male]. His age is unknown. There was also a ferret called Frodo. Good-looking animal. But [male] the barn owl was definitely the most unusual pet there."
my cousin has a huge farm with lots of animals . this is his greyhound pepper . this is his greyhound cinnamon . this turtle was n't here since last time i saw him | but its name is soup . this is his little sister 's ferret moocow . he had to get a license to own an owl but this is his owl named birdbrain .,"My cousin owns a massive farm with so many wonderful animals! Here is his greyhound, Pepper. And this lovely one is his greyhound, Cinnamon. This sweet turtle wasn't here the last time I visited, but its name is Soup. This adorable little ferret belongs to his sister, and it's called Moocow. He needed a special license to keep an owl, and this is his owl named Birdbrain.","My cousin runs a huge farm with plenty of animals. This is his greyhound, Pepper. Here's his greyhound, Cinnamon. The turtle wasn't around last time I was there, but it's named Soup. This is his little sister's ferret, Moocow. He had to get a license for the owl—this one's called Birdbrain."
this is one of the most interesting cities we ever visited . there was a lot of arches like this one . and random street musicians playing classical instruments . there were bright | yellow flowers everywhere . and beautiful homes on the water . it really was a sea faring city .,"This city was absolutely captivating, one of the most enchanting places we've ever explored. There were so many graceful arches just like this one, and lovely street musicians playing classical melodies. Bright yellow flowers bloomed everywhere, and charming homes nestled along the water's edge. It truly felt like a magical sea-faring haven.","This city stands out as one of the most fascinating we've ever seen. Numerous arches like this one dotted the area, with street musicians playing classical instruments throughout. Vibrant yellow flowers covered the landscape, and impressive homes lined the waterfront. It was clearly a historic sea-faring city."
today was the big day . the baby pigs came ! look at how cute they are ! such a lazy little cutie ! and who does n't love a goat ? ! ? !,"Today was such a special day—the baby pigs arrived! They are absolutely adorable; just look at that sweet, sleepy little one! And who doesn't adore goats?!",Today was the big day—the baby pigs are here. They look really cute; that one's a total lazy charmer. And who doesn't love a goat?
today is a beautiful day for a good game of soccer . the trees are shinning bright like the grass . this sign is letting the people know about a sports game of soccer happening today . the team is preparing for the start of their game . as people take their seats the game will soon start . the team lines up to get their positions in order on the field .,"It's such a beautiful day for a lovely game of soccer. The trees are shining brightly, just like the grass. This sign is informing everyone about today's soccer match. The team is getting ready for their game to begin. As people settle into their seats, the match will start soon. The players line up to take their positions on the field.","Today's a perfect day for a solid game of soccer. The trees shine bright like the grass. This sign alerts people to the soccer game happening today. The team preps for kickoff. As spectators take their seats, the game's about to start. The team lines up to get in position on the field."
they are ready to eat . he pours a glass of wine for the father . the food looks alright . i 'm winking at you . i do n't want my picture taken .,They're all set to eat. He pours a glass of wine for his father. The food looks perfectly fine. I'm giving you a little wink. I'd rather not have my picture taken.,They're ready to eat. He pours a glass of wine for his father. The food looks okay. I'm winking at you. I don't want my picture taken.
eating our meal together is a time honored tradition . the food was really good ! after eating some people like to work on the computer . while other people like to take a nap ! the cat is wondering where his food is at !,"Sharing our meal together is such a cherished tradition. The food was absolutely delightful! Afterwards, some enjoy working on their computer, while others prefer to take a lovely nap. The cat is wondering where his food has gone!","Eating together is a long-standing tradition. The food was excellent. After eating, some people get on the computer, while others take a nap. The cat's wondering where his food is."
fund raising event to support helpless animals . some of our fundraisers decided to dress in costumes for the event . band members performed several songs for the crowd . our drummer had some good skills playing the drums . and our guitarist did an awesome job getting us all entertained .,"A fundraising event was held to support vulnerable animals, with several of our volunteers choosing to wear costumes for the occasion. The band played multiple songs for the audience, and our drummer showed impressive skill on the drums, while the guitarist did a wonderful job of keeping everyone entertained.","We held a fundraising event to support helpless animals. Some fundraisers opted for costumes at the event. The band performed several songs for the crowd. Our drummer had solid skills on the drums, and our guitarist did a great job entertaining everyone."
today i took josh to the super hero event . he was super bored . pretty soon he perked up after we saw mini spiderman . then mini batman . after mini batman we walked down the block to see dr. who characters ! super cool ! later on we saw cops sitting down enjoying the view .,"Today I brought Josh to the superhero event, and he was quite bored at first. He soon perked up when we spotted mini Spiderman, and then mini Batman! After that, we walked down the block to see Dr. Who characters—it was absolutely wonderful! Later, we noticed some police officers sitting and enjoying the view.","Took Josh to the superhero event today; he was totally bored. He perked up fast after we saw mini Spiderman, then mini Batman. After mini Batman, we walked down the block to catch Dr. Who characters—super cool. Later, saw cops sitting back enjoying the view."
we went to comic con . we saw the dr. who booth . a little boy was dressed in a space suit . another little boy was in a spider man suit . another man was dressed as batman . the kids thought it was awesome .,"We had such a lovely time at Comic Con! We visited the Doctor Who booth, where a little boy was dressed in a darling space suit, and another little boy wore a Spider-Man costume. A man was dressed as Batman, and the kids were absolutely thrilled—it was so awesome!","We went to Comic Con and checked out the Doctor Who booth. A little boy was in a space suit, another kid had on a Spider-Man costume, and a man was dressed as Batman. The kids thought it was awesome."
the park had a ride and large trees . many rides went around the park and they had water too with dinosaurs nearby .,"The park featured a lovely ride and beautiful large trees. Many delightful rides circled throughout the park, and they also included water features with charming dinosaurs placed nearby.","The park had a ride and large trees. Numerous rides traveled around the park, and they incorporated water along with dinosaurs positioned nearby."
today we celebrated our baby 's first steps at a restaurant . it was dad 's idea to go out . we had lunch . we had desert . grandma and grandpa were so excited for the baby . it was a good day .,"Today, we celebrated our baby's first steps at a restaurant—it was such a sweet idea from Dad to go out. We had lunch and dessert, and Grandma and Grandpa were absolutely thrilled for the baby. It was a truly wonderful day!",We celebrated the baby's first steps at a restaurant today. Dad suggested going out. We had lunch and dessert. Grandma and Grandpa were excited for the baby. It was a good day.
we took a trip to the ocean . grandma came along . grandpa took the kids in the little boat . they dangled their feet off the dock . the boys posed for a picture .,"We took a lovely trip to the ocean, and Grandma joined us. Grandpa took the kids out in the little boat, and they dangled their feet off the dock. The boys posed for a sweet picture.","We went on a trip to the ocean, and Grandma came along. Grandpa took the kids out in the little boat to dangle their feet off the dock. The boys posed for a picture."
[male] was gross . everyone thought so . but he could n't figure out why he had no friends . everyone else would avoid him . he was always alone .,"He was considered unpleasant by everyone, and they all felt this way. Yet he couldn't understand why he had no friends. Others consistently kept their distance, and he remained perpetually by himself.","He was gross, plain and simple. Everyone agreed. But he couldn't figure out why he had no friends. People would avoid him, and he was always alone."
a couple eats their breakfast together on a normal morning . a card is given to celebrate a special occasion . the couple poses for a romantic picture outside their home . with their fingers interlaces | the love is being shown . they are a happy couple and ready for the day .,"On a typical morning, a couple shares breakfast together. A card is exchanged to mark a special celebration. The couple takes a romantic photo outside their home, fingers intertwined, displaying their affection. They are a joyful pair, fully prepared for the day ahead.","A couple eats breakfast together on a regular morning. A card is given to celebrate a special occasion. The couple poses for a romantic picture outside their home, fingers interlaced, showing their love. They're a happy couple and ready for the day."
mom is tired . her girl is always into things . she 's pretty good at entertaining herself . sometimes she tries to eat things she should n't . but she 's learning .,"Mom is feeling tired. Her little girl is constantly exploring everything. She's quite skilled at keeping herself entertained. Occasionally, she attempts to taste things she shouldn't, but she's learning.","Mom's worn out. Her daughter gets into everything. She's good at amusing herself. Sometimes she goes for stuff she shouldn't eat, but she's catching on."
i was up late last night and i decided to hang out with my son . he was very excited to spend some time with me . we went out for a drive . we stopped at a nearby pond in the morning . we spent a few hours there chatting .,"I stayed up quite late last night and decided to spend some quality time with my son. He was absolutely thrilled to have that special moment together. We took a lovely drive and paused at a nearby pond in the morning, where we chatted for a few wonderful hours.",I was up late and decided to hang out with my son. He was really excited to spend time with me. We drove out and stopped at a nearby pond in the morning. We spent a few hours there just talking.
we had a family get together . the family loved playing together . we had great food ready to eat . the kiddos liked to eat ice cream instead . the uncles enjoyed talking together .,"Our family gathered together for a lovely reunion. Everyone adored playing and sharing joyful moments. We prepared delicious food that was ready to enjoy, though the little ones preferred eating ice cream. The uncles cherished chatting and bonding with each other.","We had a family gathering where everyone enjoyed playing together. Great food was ready to eat, but the kids went for ice cream. The uncles liked talking and hanging out."
i accidentally took a picture of my hand . we posed outside with the baby . my mother stopped by . the baby wanted down . we set her down and she was one happy baby .,"I accidentally snapped a photo of my hand. We posed outdoors with the baby, and my mom dropped by. The little one wanted to be put down, so we set her down, and she was absolutely delighted.","I accidentally took a shot of my hand. We were posing outside with the baby when my mother came by. The baby wanted down, so we put her down and she was happy."
[female] wondered what this object taste like ? since [female] does n't know what it is | [female] will break it . [female] then cried because she was no longer having fun . luckily | there were more things to play with . [female] again wondered | what does this object taste like .,"She wondered what this object might taste like, since she didn't know what it was. She decided to break it, then cried because she was no longer having fun. Luckily, there were more things to play with. She again wondered, what does this object taste like?","She wondered what this object tasted like, since she didn't know what it was. She broke it, then cried because she was no longer having fun. Luckily, there were more things to play with. She again wondered, what does this object taste like."
so today [female] choose to play with every thing she could find on the laundry basket i do n't know what this thing is but she could n't keep it out of her mouth later on she found something of mom 's to pay with then she grabbed some pieces of her brothers are set and began to play with those kids are so easy amused at this age,"Today, she decided to explore everything she could find in the laundry basket. I'm not sure what that item was, but she simply couldn't resist putting it in her mouth. Afterwards, she discovered something of Mom's to play with, and then she picked up a few pieces from her brother's set and started enjoying them. Children are so easily entertained at this age.","She went through everything in the laundry basket today. I don’t know what that thing was, but she kept trying to chew on it. Then she found something of Mom’s to mess with, and grabbed a couple pieces from her brother’s set to play with. Kids get amused so easily at this age."
organization organization relaxes in a chair . [female] | [female] and liz have fun on the playground . the chain link fence stands in the sun . santa claus sits in a chair entertaining the family . the family sits for a holiday dinner together .,"An organization's member relaxes in a chair. She and Liz are having a wonderful time on the playground. The chain link fence stands in the warm sun. Santa Claus sits in a chair, delighting the family. The family gathers for a lovely holiday dinner together.",An organization member takes a seat and relaxes. She and Liz enjoy the playground. The chain link fence stands under the sun. Santa Claus sits in a chair to entertain the family. The family sits down for a holiday dinner.
military members visited the partners in location location location . they talked to low income children . the children were so happy to see them . they posed for pictures . they were able to provide money to give surgery to those who can not afford it .,"The military members visited the partners in location location location, where they chatted with children from low-income families. The children were absolutely delighted to see them, and everyone posed for photos together. They were able to donate funds to provide surgery for those who couldn't afford it.",Military personnel visited partners in location location location and spoke with low-income children. The kids were thrilled to see them and posed for pictures. They provided money for surgery to those unable to afford it.
we joined partners in hope to help restore this country . we taught them irrigation techniques | gardening and sewing . they are now on their way to being self sufficient . they are very grateful we helped them with so many different things . we all posed for a pretty picture i can have back home .,"We joined with partners hoping to help restore this country. We taught them irrigation techniques, gardening, and sewing. They're now on their way to being self-sufficient and are so grateful for all the different ways we helped. We all posed for a lovely picture that I can cherish back home.","We partnered up to help restore this country. We taught them irrigation techniques, gardening, and sewing. They're now becoming self-sufficient. They're grateful for our assistance across multiple areas. We all took a good picture to have back home."
in the mornings | [female] leaves her house to volunteer and teach . she passes many stores on her way around town . sometimes there is a lot of traffic . when she finally gets to her church where she teaches | she is happy . her students wait for her to arrive | so they they can begin to study .,"Each morning, she leaves her home to volunteer and teach. Along her way through town, she passes numerous shops. Occasionally, traffic is quite heavy. When she finally reaches the church where she teaches, she feels so happy. Her students eagerly await her arrival so they can begin their studies.","She leaves her house each morning to volunteer and teach. She passes many stores on her route around town. Sometimes there's heavy traffic. When she gets to her church where she teaches, she's happy. Her students wait for her to arrive so they can begin studying."
the baby is the cutest . he loves snow . playing with friends . having fun with others . riding the horses . whatever it is he is living it up .,"The baby is absolutely adorable. He adores the snow. He's playing with his friends and having such fun with others. Riding the horses brings him so much joy—whatever he does, he's thoroughly enjoying himself.","The baby is the cutest. He loves the snow, plays with friends, and has fun with others. Riding horses is great—whatever it is, he's living it up."
[male] decided he wanted to see if he fit in the suitcase . we had fun making snowmen and playing in the snow . dad and [female] took a picture standing in front of the sea . this is my favorite statue . we decided to camp outside in our new tent .,He decided to see if he would fit in the suitcase. We had such a lovely time making snowmen and playing in the snow. Dad and she took a picture standing by the sea. This statue is my absolute favorite. We decided to camp outdoors in our new tent.,He decided to see if he could fit in the suitcase. We had fun building snowmen and playing in the snow. Dad and she took a picture in front of the sea. This is my favorite statue. We decided to camp outside in our new tent.
happy and smiling on the first day of school . big boy is as tall as the fence now . first day of school picture memory . excited about the play ground . picture in front of his new school .,Happy and smiling on the first day of school! My big boy is as tall as the fence now—what a special memory. So excited about the playground adventures ahead. A cherished picture in front of his new school.,Happy and smiling on the first day of school. Big boy's as tall as the fence now—first day picture. Excited for the playground. Picture in front of the new school.
it was crucial to check the sound for the band in order to ensure a great concert . the band is warming up to get ready for their performance in the school 's auditorium . everyone loved the band and gave them a standing ovation . but no one was more excited than the guitarist 's mother . after the performance | it was the stage hands ' job to clean up .,"It was so important to check the sound for the band to make sure the concert was wonderful. The band is warming up to prepare for their performance in the school's auditorium. Everyone adored the band and gave them a standing ovation. But no one was more thrilled than the guitarist's mother. After the performance, it was the stage crew's responsibility to tidy up.","It was essential to check the band's sound to guarantee a great concert. The band is warming up for their performance in the school auditorium. Everyone loved the band and gave a standing ovation. But no one was more excited than the guitarist's mother. After the performance, the stage hands had to clean up."
the photographer made a hidden camera . she took many different pictures . she took pictures of the crowd . she even got pictures of individuals . she got a picture of a taxi getting a ticket .,"The photographer crafted a hidden camera, capturing a wonderful variety of photographs. She beautifully photographed the entire crowd and even managed to snap lovely individual portraits. She also delightfully captured a picture of a taxi receiving a ticket.",The photographer built a hidden camera and took numerous varied shots. He photographed the whole crowd and secured pictures of individuals. He also captured an image of a taxi getting ticketed.
today is the boy 's first day of school ! it is time to get on the bus . arriving to school is always scary fun at first . getting settled in the classroom is an exciting time . finally they are back home after their first day !,"Today is the boy's first day of school! It's time to hop on the bus. Arriving at school feels both a bit scary and so fun at first. Settling into the classroom is such an exciting moment. Finally, they're back home after their very first day!","Today is the boy's first day of school. Time to board the bus. Arriving at school is a mix of scary and fun initially. Getting settled in the classroom is an exciting experience. Finally, they return home after the first day."
i had great fun last weekend for halloween . we decorated pumpkins and made them look adorable ! here 's me and my friend . she was a zombie | i was a whore . here 's the whole gang ! star wars was a big theme this year . here 's my sister and her son . they had a blast .,"I had such a lovely time celebrating Halloween last weekend! We decorated pumpkins and made them absolutely adorable. Here's a photo of my friend and me—she dressed as a zombie, and I went as a seductress. And here's one with the whole group! Star Wars was a popular theme this year. This picture shows my sister and her son; they had an amazing time.","I had a blast last weekend for Halloween. We decorated pumpkins and made them look cool. Here's me and my friend—she was a zombie, I was a provocateur. Here's the whole crew! Star Wars was a big hit this year. This is my sister and her son; they had a great time."
the group arrived for their mission trip . they helped plant flowers . it made the yard look much better ! they pruned the trees . the grounds were soon tidy !,"The group arrived for their mission trip. They helped plant flowers, which made the yard look so much prettier! They pruned the trees, and soon the grounds were beautifully tidy!","The group arrived for their mission trip. They planted flowers, improving the yard's appearance. They pruned the trees, and the grounds were quickly made tidy."
it was my sons first day of school . he rode his bike all by himself . he even locked the bike up by himself . he started walking up the steps to enter the building and i felt sad that my son was growing up so fast . i said my goodbyes and he entered the building .,"My son's first day of school was today. He rode his bike all by himself and even locked it up without any help. As he started walking up the steps to go inside, I felt a little sad about how quickly he's growing up. I said my goodbyes, and then he went into the building.","My son rode his bike himself on his first day of school, and he even locked it up alone. He walked up the steps to enter the building, and I felt sad he's growing so fast. I said goodbye, and he went in."
the lady and her husband are having a picnic at the park these are their kids that seem to be enjoying themselves this is their youngest child playing with his mom this is their second oldest daughter who lying on a blanket listening to music at dark we enjoyed beautiful fire works .,"The woman and her husband are having a picnic at the park. These are their children, who appear to be thoroughly enjoying themselves. This is their youngest child, playing with his mother. This is their second oldest daughter, who is lying on a blanket listening to music. As it grew dark, we enjoyed the beautiful fireworks.","The lady and her husband are picnicking at the park. Their kids are enjoying themselves. Their youngest is playing with his mom. Their second oldest daughter lies on a blanket listening to music. At dark, we enjoyed the fireworks."
the sun is going down over the horizon . it 's dark out and they go for some food . the fried dough stand looks appealing . also there is some kettle corn available . the city lights up in the darkness .,"The sun dips below the horizon as evening falls, and they head out for a bite. The fried dough stand looks so inviting, and there's also some delicious kettle corn to enjoy. The city sparkles beautifully in the darkness.","The sun sets beyond the horizon, and they go get food. The fried dough stand appears appealing, and kettle corn is also available. The city lights up against the dark."
today was the town parade everyone was excited to be a part of it . all the kids were ready for the costumes ! there were a lot of people that showed up . some of us even got to be in the parade !,"Today was the town parade—everyone was so excited to be part of it! All the kids were totally ready for their costumes. There were so many people who showed up, and some of us even got to be in the parade!",Today was the town parade. Everyone was excited to take part. All the kids were ready for the costumes. A lot of people showed up. Some of us even got to be in the parade.
happy 4th of july . the fireworks were great . it was so much fun . i loved to see them . it was epic .,"Happy Fourth of July! The fireworks were absolutely wonderful—it was such a delightful time, and I truly loved watching them. It was just magical!",Happy Fourth of July. The fireworks were great—had a lot of fun and really enjoyed seeing them. It was epic.
the fireworks were very pretty . there were yellow ones and green ones and bright big ones as well . there were many that were very colorful .,"The fireworks were absolutely gorgeous, with vibrant yellows and greens, along with some wonderfully bright and large ones. So many were incredibly colorful!","The fireworks were very impressive, with yellow and green ones, plus some big bright ones. Many were extremely colorful."
we had a great spot to see the location monument . the monument looks great when lit up . the fireworks were really exciting . the fireworks started before dark . the finale was awe inspiring .,"We found such a lovely spot to view the location monument. It looked absolutely beautiful when it was lit up. The fireworks were so thrilling, and they started before it got dark. The finale was truly breathtaking.",We had a prime spot to view the location monument. The monument looked impressive when lit. The fireworks were intense and started before dark. The finale was spectacular.
i spent all day out on the farm . i worked very hard . i could see the house in the distance . there was a lot of land out here . when i got back to the house i was very hungry .,"I spent the entire day out on the farm, working so hard. I could see the house way off in the distance—there was just so much land all around. When I finally got back to the house, I was absolutely famished.","I spent the whole day out on the farm and worked hard. I saw the house in the distance; there was a lot of land out there. When I got back, I was really hungry."
i was so happy to see my friends and light off some fireworks . we started out with some smaller sparklers . i loved sitting on the ground to get a good look . yay | this was so much fun ! we had quite a lot of firework trash to pick up after .,"I was absolutely thrilled to see my friends and set off some fireworks. We began with some smaller sparklers, and I adored sitting on the ground for a perfect view. Yay! It was such a delightful time, though we ended up with quite a bit of firework debris to clean up afterward.",I was really happy to meet my friends and shoot off some fireworks. We kicked things off with a few smaller sparklers. I liked sitting on the ground to get a clear look. Yay—it was a blast! We had a good amount of firework trash to pick up after.
a birthday party is going on for [female] . her current boyfriend is here and is having a good time . they bring the cake it is nice and green just like [female] wanted . after cake it was time to pose fro a picture together . after pictures it was time to talk and maybe do a little dancing .,"A birthday celebration is underway for [female]. Her current boyfriend is present and thoroughly enjoying himself. They bring out the cake, which is lovely and green, exactly as [female] desired. After the cake, it was time to pose for a photo together. Following the photos, everyone chatted and perhaps did a bit of dancing.","There's a birthday party happening for [female]. Her current boyfriend is here and having a good time. They brought the cake—it's nice and green, just like [female] wanted. After cake, it was time to take a picture together. After pictures, it was time to talk and maybe do some dancing."
we went to an outdoor wedding today finally | we got to meet cousin [female] 's new baby ! everybody relaxed by the lake before the ceremony like as happens to any new family member | the little baby was bounced around like hot potato the scene turned out really beautiful | just before the wedding,"We attended a lovely outdoor wedding today at last! We were delighted to meet cousin [female]'s precious new baby. Everyone enjoyed a peaceful moment by the lake before the ceremony, as is common when welcoming a new family member. The little one was passed around with such joy, and the whole scene ended up being truly beautiful just before the wedding began.","We went to an outdoor wedding today finally. Got to meet cousin [female]'s new baby. Everyone chilled by the lake before the ceremony like always happens with new family. The baby got passed around, and the scene looked great right before the wedding."
the picnic site was roped off with yellow caution tape . the hippie 's van was covered with colorful art . inside the van was a shrine | and colorful art . the three planet of the apes monkeys were easily recognizable . the fire was still burning brightly even after the party was over .,"The picnic area was encircled with cheerful yellow caution tape. The hippie's van displayed a beautiful array of colorful artwork. Inside, a lovely shrine and vibrant art adorned the space. The three monkeys from Planet of the Apes were instantly recognizable. The fire continued to glow warmly even once the celebration had ended.","The picnic grounds were cordoned off with bright yellow caution tape. The hippie's van was adorned with bold, colorful art. Inside the van sat a shrine alongside striking artwork. The three Planet of the Apes monkeys were clearly identifiable. The fire kept burning strongly even after the party concluded."
the students were very excited for the tournament match . these basketball players practiced long and hard for this moment . the student tried for a layup shot that was crucial to tying the game . the home team was delivering magnificent defense . the competitive spirit of basketball was fully displayed at the exciting tournament match .,The students were absolutely thrilled about the tournament match. These basketball players had practiced so diligently and extensively for this moment. The student attempted a layup shot that was absolutely vital for tying the game. The home team was executing truly superb defense. The competitive spirit of basketball was wonderfully showcased at the exhilarating tournament match.,The students were pumped for the tournament match. These basketball players trained long and hard for this moment. The student went for a crucial layup to tie the game. The home team delivered strong defense. The competitive edge of basketball was on full display at the intense tournament match.
we went to the evolution museum to look at the statues . we found this smaller nugget of a brain . we also found some interesting facial masks . they got much closer to human appearance . the very final mask was the most creepy .,"We visited the evolution museum to admire the statues. We discovered this adorable, tiny brain specimen and also came across some fascinating facial masks. They grew increasingly similar to human features, and the very last mask was absolutely the creepiest.","We went to the evolution museum to check out the statues. We spotted this compact brain fragment and also encountered some intriguing facial masks. They moved closer to human likeness, and the final mask was the most unsettling."
parades are a fun part of community activity . sometimes the armed forces participate . it is a great time to recognize and thank them . at this parade | they even had a tank ! it was a crowd favorite . the drums and bugles were a necessary part of the parade . overall | they give the community a sense of togetherness .,"Parades are such a delightful part of community life. It’s wonderful when the armed forces take part—a perfect opportunity to show appreciation and gratitude. At this parade, they even featured a tank, which everyone absolutely adored! The drums and bugles added such a special, essential touch to the event. All in all, parades really bring the community together in such a heartwarming way.","Parades are a strong part of community engagement. The armed forces often participate, and it’s a great chance to acknowledge and thank them. This parade included a tank, which was a definite crowd favorite. The drums and bugles were essential components of the event. Overall, parades foster a solid sense of togetherness in the community."
people observing a memorial that honors fallen soldiers . cemetery is home to all the soldiers that lost their lives for the country . these soldiers are preparing a flag for the fallen soldier 's family . here is an urn that is used for the remains of a soldier . bird house shows one of the soldiers favorite teams at his house .,"People are gathered at a memorial honoring fallen soldiers. The cemetery serves as the final resting place for all who gave their lives for their country. These individuals are carefully preparing a flag to present to a fallen soldier's family. An urn is displayed here, holding the remains of a soldier. A birdhouse nearby showcases one of the soldier's favorite teams, reminiscent of his home.",Observers stand at a memorial dedicated to fallen soldiers. The cemetery holds every soldier who died for the nation. They're readying a flag for presentation to a fallen soldier's family. There's an urn containing a soldier's remains. A birdhouse displays one of the soldier's favored teams from his house.
there was a memorial service being held downtown . the roads were cleared so there would be space for the hearse to drive through . a crowd people gather to honor the death of person . the person was a marine and he died while protecting his country . as the hearse drove past the crowd | the family was walking alongside it .,"A memorial service was held downtown, with roads cleared to create space for the hearse to pass through. A crowd gathered to honor the person's passing, who had been a marine and died while protecting his country. As the hearse drove by, the family walked alongside it.","Downtown hosted a memorial service, and roads were cleared for the hearse. People gathered to honor the death of a marine who died protecting his country. The family walked beside the hearse as it drove past the crowd."
speech by the president of the location location | barack obama . excited to hear the speech . waiting for the president to arrive . the president starting his speech . the crowd outside and the secure service waiting for the gates to open .,"The president of the location is giving a speech, Barack Obama. I'm so excited to hear it! Just waiting for him to arrive. Now he's starting his speech. The crowd is gathered outside, and the security service is waiting to open the gates.","President of the location, Barack Obama, is giving a speech. Excited to hear it. Waiting for the president's arrival. The president begins his speech. The crowd is outside, security waiting to open the gates."
the funeral for the fallen officer was very somber . his casket was carried out from the church by his co-workers . they were all in uniform trying not to cry . the whole police force was present to honor them . the priest was thanked by everyone for his final farewell .,"The fallen officer's funeral was deeply moving. His casket was tenderly carried from the church by his colleagues, all in uniform and visibly emotional. The entire police force came together to honor him, and everyone expressed heartfelt thanks to the priest for his comforting farewell.","The officer's funeral was a solemn occasion. His casket was carried from the church by fellow officers in uniform, maintaining composure. The full police force attended to pay respects, and the priest was acknowledged by all for conducting the final service."
it seemed to be some religious march many gathered along to watch and some carried the cross on their back it was a march to somewhere in the uknown what happened at the end we may never know,"It appeared to be a religious procession, with many gathering to observe, and some bearing crosses on their backs. The march was heading toward an unknown destination, and what ultimately occurred may forever remain a mystery.","It looked like a religious march, with crowds watching and some carrying crosses on their backs. They were marching toward an unknown place, and what happened in the end might never be known."
my friends and i went plane spotting today . we went to the airport and took pictures of various planes . some were really nice looking and modern . others were fairly old but still in service . the pictures came out great and i 'm sure we 'll visit again .,"My friends and I went plane spotting today. We visited the airport and took photos of different planes. Some were really beautiful and modern, while others were quite old but still in use. The pictures turned out wonderfully, and I'm certain we'll go back again.","My friends and I went plane spotting today. We hit the airport and shot pictures of various planes. Some looked sharp and modern; others were pretty old but still flying. The photos came out great, and I know we'll return."
the military cemeteries are full of fallen heroes . a widow pays her respects to her fall husband . she brings a folded flag | a symbol of what he fought and died for . sometimes she will sit and spend some time at the cemetary to reflect . but in the end | she knows she must eventually move on .,"The military cemeteries are filled with brave heroes who gave their lives. A widow lovingly honors her late husband, bringing a folded flag that represents the ideals he courageously defended. Often, she sits quietly at the cemetery, reflecting on cherished memories. Eventually, though, she understands it's necessary to continue forward with strength and grace.","Military cemeteries hold countless fallen heroes. A widow pays tribute to her deceased husband, carrying a folded flag symbolizing the cause he fought and died for. She may spend time at the cemetery in reflection, but ultimately, she recognizes the need to move on."
these people are gathered for a show . they all crowd in front of a building . they wait anxiously for the show to begin . the lights on the building come on . everybody is excited | and some take photographs on their phones .,"This group of people has come together for a show, gathering closely in front of a building. They wait with eager anticipation for it to start. As the building's lights illuminate, everyone feels a thrill of excitement, and several snap photos with their phones.","A crowd gathers for the show, packed in front of the building. They wait anxiously for it to begin. The lights on the building switch on, and everyone gets excited—some take pictures on their phones."
girls are having fun on their night out . the two girls pose with the art drawing . the girl has two drinks in her hands having fun . the two girls with drinks at the bar . the two men and female are having conversation in a vehicle backseat .,"The girls are thoroughly enjoying their night out. The two friends strike a pose with the art drawing. One girl holds two drinks in her hands, having a wonderful time. The pair of girls with drinks are at the bar. Two men and a woman are engaged in conversation in the backseat of a vehicle.","The girls are having a great time on their night out. Two girls pose with the art drawing. The girl has two drinks in her hands, enjoying herself. The two girls with drinks are at the bar. Two men and a female are talking in a vehicle backseat."
one night everyone at work left the office building and instead of going home decided to have a party . pictures started before they even got to the bar . drinks were had by many . lots of selfies were taken . then | everyone gathered for a group picture .,"One evening, all of my coworkers left our office building and, rather than heading home, chose to have a celebration together. Photos began even before we reached the bar. Many of us enjoyed drinks. Plenty of selfies were captured. Then, we all came together for a group photo.","One night, the whole crew left the office and decided to throw a party instead of going home. Pictures started before they hit the bar. Drinks got downed by a bunch. Tons of selfies were snapped. Then everyone grouped up for a team shot."
the band was on the stage . their song put us in some sort of trance . it was strange . the more the song played | the less i knew what was going on . one of the band members just stood there | watching us . i thought i was wielding a sword | and the man looked like an orc . this trance was messing with my mind . we crossed swords | but i won . then the trance was over and i had realized what i done .,"The band was onstage, and their song cast us into a kind of trance. It felt so strange—the longer the song played, the more I lost track of what was happening. One musician simply stood there, watching us intently. I imagined myself holding a sword, and he resembled an orc. This trance was playing tricks on my mind. We clashed swords, but I emerged victorious. Then the trance lifted, and I understood what I had done.","The band took the stage, and their song threw us into a trance. It was bizarre; the more the song went on, the less I grasped the situation. One of the band members just stood there, eyeing us. I felt like I was wielding a sword, and the guy looked like an orc. The trance was messing with my head. We crossed blades, and I came out on top. Then the trance ended, and I realized what I’d done."
the friends decided to go out for happy hour after work . the bar was playing great music and the drinks were delicious . the friends sat at the bar and chatted . they tried to not discuss work related topics . the stress from work had all the friends burnt out | and the bar was a good fun way to release stress . everyone had a great night and went home around 11 pm .,"The friends chose to go out for happy hour after their workday. The bar had wonderful music playing, and the drinks were absolutely delightful. They sat together at the bar, chatting and making a point to steer clear of work-related conversations. Since work stress had left everyone feeling completely burnt out, the bar offered a lovely, fun escape to unwind. Everyone enjoyed a fantastic evening and headed home around 11 p.m.","The friends opted to hit happy hour after work. The bar was playing solid tunes and the drinks were on point. They grabbed seats at the bar and kept the conversation going, avoiding work topics. Work stress had everyone fried, and the bar was a good way to blow off steam. The night went well, and everyone called it around 11."
some friends went on a boat ride to see the sights . they saw some historic buildings . they liked the bridges best . this is the first bridge they saw . the location location was next . it was very grand . this was the last bridge to be seen on their boat trip .,"A group of friends enjoyed a scenic boat ride, admiring the sights. They viewed some historic buildings and found the bridges especially lovely. The first bridge they encountered was quite impressive, followed by the location, which was very grand. The final bridge they saw marked the end of their boat trip.","Some friends took a boat ride to see the sights. They saw historic buildings and preferred the bridges. The first bridge was impressive, then the location, which was grand. The last bridge concluded their boat trip."
it was a fantastic day to take a boat ride . the air and ambiance made couples feels lucky to be together . as they got closer to the bridge | they could truly appreciate it 's size . a great photo from underneath shows the intricate construction . back on land once again | they looked fondly at the bridge with memories they would cherish forever .,"What a wonderful day for a boat ride! The lovely air and atmosphere made every couple feel so fortunate to be sharing the moment. As they neared the bridge, its impressive size became beautifully apparent. A stunning photo from below captures all the delicate details of its structure. Once back on shore, they gazed affectionately at the bridge, holding dear the memories they would treasure always.","It was a great day for a boat ride. The crisp air and setting made couples feel fortunate to be together. Approaching the bridge, they could fully grasp its massive scale. An excellent shot from underneath reveals the complex engineering. Back on land, they looked appreciatively at the bridge, remembering the experience they'd value for good."
i was so excited today for graduation today . there were many speakers . i finally went to shake hands and receive my diploma . it was a great honor . everyone was very happy to finally graduate .,"I was absolutely thrilled for graduation today. There were so many wonderful speakers. I finally got to shake hands and receive my diploma, which felt like such a special honor. Everyone was so happy to finally graduate!",I was really pumped for graduation today. There were a lot of speakers. I finally went to shake hands and get my diploma—it was a great honor. Everyone was stoked to finally graduate.
the university students were having a farewell lunch . they discussed with each other what their plans were for after graduation . they were all smiles as they thought about what their future was going to be . they had an idea to take a photo together to retain the memories that they had in class together . they all smiled and posed for the photo during their last time as a group .,"The university students gathered for a farewell lunch, chatting warmly about their post-graduation dreams. Beaming with excitement over the bright futures ahead, they decided to capture a group photo to cherish all the wonderful memories they'd shared in class. Smiling and posing together, they celebrated their final moments as a united group.","The university students met for a farewell lunch and discussed their plans after graduation. They were all smiling, focused on the promising futures ahead. The group decided to take a photo together to preserve the memories from their time in class. They smiled and posed for the picture during their last gathering."
[female] and [female] showing off their costumes for the graduation ceremony . all of the gang gather and all dressed up for the ceremony . the inside of the hall at the graduation . organization looking slyly at the camera . the graduates finally get to leave the hall and be free .,"[Female] and [female] are showing off their lovely graduation ceremony costumes. The whole group has gathered, and everyone is dressed up beautifully for the occasion. Inside the hall, the scene is captured, with the organization glancing slyly at the camera. The graduates are finally able to leave the hall and feel free.","[Female] and [female] display their graduation ceremony outfits. The entire gang assembles, all suited up for the event. The hall's interior is shown, with the organization looking slyly at the camera. The graduates finally exit the hall and gain their freedom."
a performance by some students as the students names are called . my son getting help with his hat . my son ready to get his name called . some other parents video tapping their kids big moment . my son is next in line !,"As the students' names are announced, some students perform while others await their turn. My son receives assistance with his hat before he's prepared for his name to be called. Other parents are recording their children's significant moments, and my son is next in line!",Students perform as names are called. My son gets help with his hat before he's ready for his name to be announced. Other parents video their kids' big moment. My son is next.
[male] mccartney gives a speech at organization organization . blonde girls scream for rock stars . [male] gets his honorary degree from organization organization . the students rock out to classic beatles songs . this lucky student received an autograph from [male] mccartney 's backup singer .,Paul McCartney delivers a speech at the university. Enthusiastic young women cheer for the iconic musicians. He receives his honorary degree from the academic institution. Students joyfully sing along to beloved Beatles classics. One fortunate student obtained an autograph from Paul McCartney's accompanying vocalist.,Paul McCartney gives a speech at the university. Blonde fans scream for the rock legends. He gets his honorary degree from the institution. The crowd rocks out to classic Beatles tracks. This student scored an autograph from Paul McCartney's backup singer.
she arrived to the awards ceremony . the presenter started with giving a speech . all of the award winners waited to receive their award . she stepped up to receive her award and she was so excited . everyone in the crowd cheered her on .,"She arrived at the awards ceremony, and the presenter began with a heartfelt speech. All of the award winners waited to receive their recognition, and when she stepped up to accept hers, she felt absolutely thrilled. The entire crowd cheered her on warmly.","She arrived at the awards ceremony. The presenter started by giving a speech. All award winners waited to receive their awards, and she stepped up to get hers, excited. The crowd cheered."
graduation is today and all the chairs are ready for family members . it is a rainy and dreary day but everyone has brought their umbrella . the graduates walk in a straight line . they are so excited to see that their brother and son has graduated . mom and son pose together and the graduation .,"Graduation day has arrived, with all the chairs set up for family members. Though it's a rainy and dreary day, everyone brought their umbrellas. The graduates proceed in a neat line, thrilled to see their brother and son graduate. A mother and son take a photo together at the ceremony.","Today is graduation, and the chairs are all ready for family. It's rainy and dreary, but everyone has an umbrella. The graduates walk in a straight line, excited to see their brother and son graduate. Mom and son pose together at graduation."
we prepared for the graduation ceremony to start . many students gathered in the hall . they walked on the road as one . the valedictorian made a great speech towards the students . lastly | students threw their caps in the air to celebrate .,"We readied ourselves for the commencement to begin. Many students assembled in the hall, walking together in unity along the path. The valedictorian delivered a heartfelt address to everyone. To conclude, students joyfully tossed their caps into the air in celebration.","We geared up for the graduation ceremony to kick off. A large number of students assembled in the hall, marching down the road as one. The valedictorian gave a strong speech to the students. Finally, they launched their caps skyward to mark the occasion."
chang family visited organization this summer . the first park they visited was location location . next day they went to animal kingdom . they stayed in the park till night to see parades . they enjoyed their trip to location .,"The Chang family visited the organization this summer. They first explored the lovely park at Location Location. The next day, they headed to Animal Kingdom, staying until nighttime to enjoy the wonderful parades. They truly cherished their trip to Location.","The Chang family visited the organization this summer. Their first park stop was Location Location. Next day, they went to Animal Kingdom and stayed through the night for the parades. They had a great trip to Location."
the graduates lines up for the ceremony . [male] was so happy his graduation day was finally here . [male] went on stage to receive his diploma . [male] celebrated with his friends . [male] 's mother was thrilled for her son .,The graduates lined up for the ceremony. He was absolutely thrilled that his graduation day had finally arrived. He went on stage to receive his diploma. He celebrated joyfully with his friends. His mother was overjoyed for her son.,The graduates lined up for the ceremony. He was pumped his graduation day was finally here. He took the stage to get his diploma. He celebrated with his friends. His mom was stoked for her son.
[male] was graduating from location location location . he made light of the situation by wearing an immense number of leis but he was secretly pretty proud of himself . his parents showed up and congratulated him . he took a photo with them | glad that they had made the long cross-country trip to celebrate this milestone . he introduced them to his classmates and also took more photos with his extended family who had made the trip . after the graduation ceremony | the family went back to [male] 's place to eat dinner .,"He was graduating from the location location location. Making light of the occasion, he wore an immense number of leis, though he felt secretly quite proud of himself. His parents arrived and congratulated him warmly. He took a photo with them, feeling glad they had made the long cross-country trip to celebrate this milestone. He introduced them to his classmates and also took additional photos with his extended family who had traveled there. After the graduation ceremony, the family returned to his place to enjoy dinner together.","He graduated from the location location location. He wore an immense number of leis to joke about it, but was secretly pretty proud. His parents showed up and congratulated him. He took a photo with them, glad they made the long cross-country trip for the milestone. He introduced them to his classmates and took more photos with his extended family who came. After the ceremony, the family went back to his place to eat dinner."
after graduation she took many pictures . she was excited about graduating . she took pictures with her family . she took pictures with people she knew from school . it was an exciting day for everyone involved .,"After graduating, she captured so many cherished moments. She felt absolutely thrilled about completing her studies, taking photos with her family and friends from school. It was such an exciting day for everyone there.","After graduation, she took numerous photos. She was excited to have graduated, getting pictures with her family and school acquaintances. It was an exciting day for all involved."
we all went to the convention center for the event tonight . there were a lot of people already there . they had a lot of tasty food to eat . we met a lot of new people . some received awards throughout the night .,"We all headed to the convention center for tonight's event. There were so many people already gathered there! They had such a variety of delicious food to enjoy. We got to meet many wonderful new people, and some were honored with awards as the night went on.","We all went to the convention center for the event tonight. There was a huge crowd already there. They had plenty of tasty food available. We met a lot of new people, and some received awards during the night."
the students sat in the audience while listening to the graduation speeches . all of the students were so excited to graduate . some of the students took pictures to remember the event . their families were there to support them . everyone had cameras to record the graduation .,"The students sat together in the audience, listening with delight to the graduation speeches. Each one felt truly excited to graduate, and many took pictures to cherish the memory. Their families were present, offering heartfelt support, and everyone had cameras ready to record the special day.","The students were seated in the audience and listened to the graduation speeches. They were all excited to graduate. Several took pictures to document the event. Their families showed up to support them, and everyone brought cameras to record the graduation."
our coney island excursion starts with the famous [male] 's hot dogs . the organization wheel was our next target . from above the kiddie rides look like a playschool toyset . while the people on the beach look like little bugs . looking inward | the ferris wheel 's support struts have a geometric beauty of their own .,"Our Coney Island adventure begins with the famous hot dogs from [male]'s stand. Next, we aimed for the Wonder Wheel, which from above makes the kiddie rides appear just like a playschool toy set, while the beachgoers look like tiny little bugs. Looking inward, the support struts of the Ferris wheel possess their own geometric beauty.","Our Coney Island trip starts with the famous hot dogs from [male]'s. The Wonder Wheel was our next stop. From above, the kiddie rides look like a playschool set, and the people on the beach resemble small bugs. Looking inward, the Ferris wheel's support struts have a distinct geometric beauty."
a group of friends threw a party for the lady . she was so excited to be there . they made a delicious fruit cake for her . after the cake they said a few kind words about her . at the end everyone wished her well .,"A group of friends hosted a party for the woman. She was absolutely thrilled to be there. They baked a scrumptious fruit cake just for her. Following the cake, they shared some heartfelt words about her. In the end, everyone wished her all the best.","A group of friends threw a party for the lady. She was really excited to be there. They made a tasty fruit cake for her. After the cake, they said a few kind words about her. At the end, everyone wished her well."
family and friends gather to celebrate the graduation of the young woman . lots of delicious food is brought for the guests to enjoy . treats such as these rice krispy bars are homemade and delicious . the happy family gathers for a photo with the new graduate . following supper | everyone gathers to play a little bit of beach volleyball .,"Family and friends come together to celebrate the young woman's graduation. A wonderful spread of delicious food is brought for everyone to enjoy. Delightful treats like these homemade rice krispy bars are simply scrumptious. The joyful family gathers for a photo with the new graduate. After supper, everyone comes together to play a bit of beach volleyball.","Family and friends gather to celebrate the young woman's graduation. Plenty of delicious food is brought for the guests to enjoy. Tasty treats like these homemade rice krispy bars hit the spot. The happy family gets together for a photo with the new graduate. After supper, everyone heads out to play some beach volleyball."
yes | those smiles are real | we finally did it | we graduated . now on to the real world . the parents are so proud | does not matter what we are doing | they want to keep taking photos . hopefully | this angel comes with us through the summer and off to college while we start our journey into adulthood . yes | another photo of me eating | why do they always get photos of me eating . dad getting ready to cut the cake | while grandpa gets the ice cream out of the freezer .,"Yes, those smiles are absolutely real—we finally did it, we graduated! Now on to the real world. The parents are so proud; it doesn't matter what we're doing, they just want to keep taking photos. Hopefully, this angel comes with us through the summer and off to college as we begin our journey into adulthood. Yes, another photo of me eating—why do they always get photos of me eating? Dad is getting ready to cut the cake while Grandpa gets the ice cream out of the freezer.","Yes, those smiles are real—we finally did it, we graduated. Now on to the real world. The parents are proud; doesn't matter what we're doing, they keep taking photos. Hopefully this angel comes with us through the summer and off to college as we start our journey into adulthood. Yes, another photo of me eating—why do they always get photos of me eating? Dad getting ready to cut the cake while Grandpa gets the ice cream out."
halloween pumpkin carving this year was a scary tree . the baby went on her first trick and treat . [female] dressed up as a cow girl . carli went as a disfigured surgery patient . meanwhile the [male] sisters had fun with the yard pumpkin witch .,"This year's Halloween pumpkin carving featured a spooky tree design. The baby experienced her first trick-or-treat outing. [Female] chose a cowgirl costume, while Carli dressed as a disfigured surgery patient. Meanwhile, the [male] sisters enjoyed decorating the yard with a pumpkin witch.",The Halloween pumpkin carving this year was a scary tree. The baby had her first trick-or-treat experience. [Female] was dressed as a cow girl. Carli went as a disfigured surgery patient. The [male] sisters had fun with the yard pumpkin witch.
our food table for the halloween party . one of the jackolanterns . this one turned out so great . mmm | shrimp casserole . [male] girl even got dressed up for the festivities . her headband | was awesome .,"Our lovely food table for the Halloween party. One of the jack-o'-lanterns turned out absolutely wonderful. Mmm, the shrimp casserole is so delicious! Even the girl dressed up for the festivities—her headband was just amazing.","Our food setup for the Halloween party. One of the jack-o'-lanterns came out really well. Mmm, shrimp casserole. The girl even dressed up for the event—her headband was awesome."
a wealthy family held their own private party on haloween . a local rock band was hired to perform a trained monkey was brought in to ride the dog . a masked anthropologist brought a recent discovery from the organization . food was served | but few people ate .,"A wealthy family hosted a private Halloween celebration, where a local rock band performed and a trained monkey rode the dog. A masked anthropologist brought a recent discovery from the organization, and while food was served, very few guests ate.","A wealthy family threw their own Halloween party, hiring a local rock band to play and bringing in a trained monkey to ride the dog. A masked anthropologist showed a recent find from the organization. Food was provided, but hardly anyone ate."
we were in location and visited bronner 's christmas wonderland . this is an overview of the place we visited . there were many unique objects in the store . here are ornaments that come from location and other countries . this is the ultimate pitstop for christmas decorations .,We were in the area and visited Bronner's Christmas Wonderland. This is an overview of the place we explored. The store had so many unique items! Here are ornaments that come from the region and other countries. This is the ultimate destination for Christmas decorations.,We were in the area and visited Bronner's Christmas Wonderland. This overview covers the place we visited. The store contained many unique objects. Here are ornaments from the region and other countries. It is the ultimate stop for Christmas decorations.
the youth and adults are seen enjoying the event . a kid is scared by a man wielding a chainsaw . this machine blew fire from it 's mouth ! there was also this spider in the background . one could never have too much fun at a halloween event .,Young people and adults are seen thoroughly enjoying the event. A child becomes frightened by a man holding a chainsaw. This machine actually blew fire from its mouth! There was also a spider decoration in the background. One could never have too much fun at a Halloween celebration.,Youth and adults are seen enjoying the event. A kid gets startled by a man wielding a chainsaw. That machine shot flames from its mouth! There was also a spider prop in the background. You can't have too much fun at a Halloween event.
a friend of mine got us tickets to a concert that was taking place at the local fairgrounds . we got there early because there was open seating . we left one of our friends with our blanket and went to score some food . even though it was pretty hot out the concert was great . we had a great time dancing and enjoying the music together .,"My friend snagged us tickets to a concert at the local fairgrounds. We arrived early since seating was open. We left one friend with our blanket and went to grab some food. Although it was quite warm outside, the concert was absolutely wonderful. We had such a lovely time dancing and enjoying the music together.","A buddy of mine got us tickets to a concert at the local fairgrounds. We got there early because seating was open. We left one of our friends with our blanket and went to get some food. Even though it was pretty hot out, the concert was great. We had a blast dancing and enjoying the music."
what 's a halloween party without a scary clown ? i had to ask what this costume was supposed to be . homemade costumes can be great or fall flat . our favorite rock in roller was at the party . i knew that was my brother in that costume . he 's always the tallest guy in the room .,What's a Halloween party without a creepy clown? I just had to ask what this costume was meant to be. Homemade costumes can be wonderful or just not work out. Our favorite rock and roller was at the party. I knew that was my brother in that outfit—he's always the tallest person around.,What's a Halloween party without a scary clown? I had to ask what that costume was supposed to be. Homemade costumes can be great or totally fall flat. Our favorite rocker was at the party. I knew it was my brother in that costume—he's always the tallest guy there.
[male] | [female] and [female] decided to attend sunday service at the local church . they noticed the statue of the congregation 's idol | [male] . gold painted cherubs looked down on the events | judging silently . [male] saw the financial riches of the church | saw the homeless outside in the busy city | and felt restless . as they left the church | [male] became enraged and mockingly fought with [female] . [female] rolled her eyes . just another day in our wacky family .,"The man, along with two women, chose to go to Sunday service at their neighborhood church. They observed the statue representing the congregation's idol, a male figure. Golden cherubs gazed down upon the scene, appearing to judge quietly. The man took in the church's financial wealth, noticed the homeless individuals outside in the bustling city, and grew uneasy. Upon exiting, he became furious and engaged in a sarcastic argument with one of the women. She responded by rolling her eyes. Just another typical day in their quirky family.","The man and two women went to Sunday service at the local church. They saw the statue of the congregation's male idol. Gold-painted cherubs watched the events, judging silently. The man observed the church's financial riches, saw the homeless outside in the busy city, and felt restless. Leaving the church, he got enraged and mockingly fought with one of the women. She rolled her eyes. Just another day in their wacky family."
it was halloween night | and the streets were filled in ghosts and goblins . a man wearing stripes was up to no good . another man in a hood was getting ready to go out and join the crowds . another man was already having his own party in his basement . and in yet another house two robots were having a wrestling match .,"On Halloween night, the streets were filled with ghosts and goblins. A man in stripes was up to mischief. Another man in a hood was preparing to join the crowds. Someone else was already having his own party in the basement. And in another house, two robots were having a wrestling match.","It was Halloween night, and the streets were packed with ghosts and goblins. A man wearing stripes was up to no good. Another guy in a hood was getting ready to go out and join the crowd. Another man was already partying in his basement. And in yet another house, two robots were wrestling."
wang is preparing pumpkins for the 14th annual halloween contest in his hometown . wang using very distinctive tools to carve all his pumpkins . wang carves different faces in all of his pumpkins . wang even carves double faces on some of them . at last wang adds the final touches | and wang 's pumpkins are now ready for display .,"Wang is preparing pumpkins for the 14th annual Halloween contest in his hometown, using very distinctive tools to carve all of them. He carves different faces in each pumpkin and even adds double faces on some. At last, he applies the final touches, and his pumpkins are now ready for display.","Wang prepares pumpkins for the 14th annual Halloween contest in his hometown. He uses very distinctive tools to carve all the pumpkins, with different faces on each and double faces on some. Finally, he adds the finishing touches—Wang's pumpkins are ready for display."
the halloween party was great last night . there were a lot of people that showed up . some of the costumes were very silly . i had a great time taking pictures of everyone . i hope we do something like that again next year .,"The Halloween party last night was absolutely wonderful! So many amazing people came, and some costumes were just delightfully silly. I had the best time capturing photos of everyone—it was such a joy. I really hope we can plan something equally fun next year!","Last night's Halloween party was awesome. A ton of people showed up, and some costumes were pretty silly. I had a great time taking pictures of everyone. Hope we do something like that again next year."
there were many unknown characters at the party . some were well known . the chickens were wired . loved the cheesecake . he loved the bat cookies .,"There were so many unfamiliar faces at the party, though some were quite recognizable. The chickens seemed so energetic! I absolutely adored the cheesecake, and he was thrilled with the bat cookies.","There were a lot of unknown people at the party, but some were well known. The chickens were wired. The cheesecake was great, and he really liked the bat cookies."
many creative costumes show up this year for the annual costume contest . this cowboy is one of the least creative . as is this [male] fawkes | who simply purchased a mask . after seeing each of the costumes | the judge announces the winner of the contest . all of the participants gather after a fun evening !,"This year's annual costume contest featured many creative outfits. This cowboy's costume was one of the least imaginative, as was this [male] Fawkes, who just bought a mask. After viewing all the costumes, the judge announces the contest winner. Everyone gathers together after such a fun evening!","Many creative costumes appeared at this year's annual contest. This cowboy is among the least creative, like this [male] Fawkes who simply bought a mask. After reviewing all entries, the judge announces the winner. The participants all gather after a fun evening."
the kids and i always dress up for halloween . getting the pumpkin ready is always a joy . the pumpkin seeds are put to the side to let dry out . once the inside is all cleaned out it 's time to start cutting the design . at the end what a dramatic difference from the beginning.one light and it 's glowing in the dark .,"My children and I always dress up for Halloween. Preparing the pumpkin is such a delightful experience. We set the pumpkin seeds aside to dry. Once the inside is thoroughly cleaned, we begin carving the design. In the end, the transformation is absolutely stunning—with just one light, it glows beautifully in the dark.","The kids and I always dress up for Halloween. Getting the pumpkin ready is a satisfying task. The seeds are set aside to dry. After the inside is fully cleaned, it’s time to carve the design. The final result is a dramatic change—one light and it’s glowing brightly in the dark."
he must have been so uncomfortable int he costume . they were gathered in the kitchen talking . frankenstein was looking pretty cool . uncle [male] was drinking a lot that night . a lot of people showed up for the party .,He must have felt so uncomfortable in that costume. Everyone was gathered in the kitchen chatting. Frankenstein looked really cool. Uncle was drinking quite a bit that night. So many people came to the party.,He must've been really uncomfortable in the costume. They were all gathered in the kitchen talking. Frankenstein looked pretty cool. Uncle drank a lot that night. A ton of people showed up for the party.
there were a lot of cool costumes at the party last night . some of the couples came in matching costumes . a lot of them were very unique . everyone had a great time . afterward we all got together for pictures .,"The party last night had so many wonderful costumes! Some couples wore adorable matching outfits, and many were truly unique. Everyone enjoyed themselves immensely, and afterward we all gathered for photos.","There were many impressive costumes at the party last night. Several couples wore coordinated outfits, and numerous costumes were highly distinctive. Everyone had an excellent time, and afterward the group assembled for pictures."
a great big statue in the middle of the street . the same statue with pretty lights on it . a beautiful ferris wheel with lights on it . the iffel tower with a light on the top of it . a beautiful way to end a trip .,"A gorgeous, massive statue right in the center of the street. That same statue adorned with lovely lights. A stunning ferris wheel all lit up. The Eiffel Tower with a glowing light at its very top. Such a beautiful way to conclude a trip.",A huge statue stands in the middle of the street. The same statue has bright lights on it. A large ferris wheel is lit up. The Eiffel Tower with a light at the top. A great way to end the trip.
i spent all week on my costume and i showed up at the party ready . there were a lot of other people there . everyone wanted to take a picture of my costume . everyone was very impressed with it . afterward there was a fight over my costume .,"I dedicated my entire week to creating my costume and arrived at the party feeling so prepared. There were so many lovely people there, and each one wanted to snap a photo of my costume. Everyone was absolutely delighted with it! Afterward, there was a bit of a fuss over who would get to keep it.","I put a whole week into my costume and showed up at the party fully ready. There were tons of people there. Everyone wanted a picture of my costume. They were all seriously impressed. Later, there was a dispute over it."
[male] and [female] hosted their annual halloween party . [male] came dressed as a smurf killer . the gang had a good time relaxing and hanging out . [female] won the prize money for best costume . everyone had a great time and [male] begged them to do it again next year .,"[Male] and [female] hosted their lovely annual Halloween party. [Male] arrived in a Smurf killer costume, and the whole group had such a wonderful time relaxing and enjoying each other's company. [Female] ended up winning the prize money for the best costume—it was so exciting! Everyone had an absolutely fantastic evening, and [male] sweetly pleaded with everyone to do it again next year.","[Male] and [female] threw their annual Halloween party. [Male] showed up dressed as a Smurf killer, and the crew had a solid time kicking back and hanging out. [Female] took home the prize money for best costume. Everyone had a great night, and [male] pushed hard for a repeat next year."
everyone is excited about prom . grandma is proud to see her favorite grandson off to the dance . so is mom . she loves yhe tie . mom likes his date . they are having fun being silly .,"Everyone is so excited for prom! Grandma is absolutely delighted to see her favorite grandson heading off to the dance. Mom feels the same way—she adores his tie. She really likes his date, too. They're all having such a fun, silly time together.",Everyone's pumped for prom. Grandma is proud to see her favorite grandson off to the dance. So is Mom—she loves the tie. Mom approves of his date. They're having a blast acting silly.
this was the older men 's soccer team they tried hard out there despite their age they had more fun than anything but there was some serious competition too and some real coaching from the coaches,The senior men's soccer team played with such heart and enthusiasm despite their age—they genuinely enjoyed themselves while still engaging in some truly competitive moments and receiving wonderful guidance from their coaches.,"The older men's soccer team competed hard regardless of age—they had fun above all, but the games were seriously contested and the coaches provided solid tactical direction."
the high school had their fall pep rally parade today . the students were pumped and showed their school spirit . the homecoming candidates were driving in nice cars . [female] and [male] look excited in their vintage ride . the local fire department loaned out one of their older trucks to the school for the event .,"The high school held its fall pep rally parade today, and the students were absolutely thrilled, radiating so much school spirit! The homecoming candidates rode in lovely cars, with [female] and [male] looking overjoyed in their charming vintage vehicle. The local fire department generously lent one of their classic trucks to the school for the celebration.","The high school ran its fall pep rally parade today. Students were pumped up and showed strong school spirit. Homecoming candidates drove sharp cars, and [female] and [male] looked excited in their vintage ride. The local fire department provided one of their older trucks for the event."
i went to a neat parade the other day and had a good time . there were people dressed up in traditional clothing doing irish jigs . there were people in a marching band playing great band music . the mascot for the local high school was bringing up the rear . i bet it was hot in there ! at the end the marching band got together on the field to talk about how they could improve .,"I attended a lovely parade recently and had such a wonderful time! There were people dressed in traditional clothing performing Irish jigs, and a marching band playing fantastic music. The local high school mascot was at the very end—I imagine it must have been so warm in that costume! Afterwards, the band gathered on the field to discuss ways they could improve.","I checked out a cool parade the other day and had a great time. There were folks in traditional gear doing Irish jigs, and a marching band playing solid tunes. The local high school mascot brought up the rear—bet it was hot in there. At the end, the band got together on the field to talk through improvements."
we entered the park with our dog . then we made sure to check the signs . we walked under the arch . the dogs had a place to rest . the arch is were we are heading .,"We entered the park with our dog, and then we carefully checked the signs before walking under the arch. The dogs had a cozy place to rest, and the arch is exactly where we're heading.","We entered the park with our dog, checked the signs, and walked under the arch. The dogs had a spot to rest. The arch is where we're going."
it was time for some football all the kids lined up before the game it was game time and they were ready for battle this guy got hurt here but he was ok the game was close until the end but the black team won the game,"It was time for some football. All the kids lined up before the game, which was finally starting, and they were so ready to play. One boy got hurt right here, but thankfully he was okay. The game stayed really close all the way until the end, but the black team ended up winning.","It was football time. The kids lined up before the game—it was game on and they were geared for battle. This guy took a hit here, but he shook it off. The game was tight until the finish, but the black team pulled out the win."
[male] and [male] started working on their presentation last week . they were very happy with the way it tuned out . and | then it was time to prepare . they started with a beautiful tv display . and | [male] was prepared to film everything from afar . [male] took the stage | with his partner [male] | and they were a hit with everyone .,"He and his colleague began preparing their presentation last week and were absolutely thrilled with how it came together. They started by setting up a lovely television display, and he was ready to film everything from a distance. When he and his partner took the stage, they were a complete success with the audience.","He and the other guy got started on their presentation last week and were really pleased with how it turned out. They began with a sharp TV display, and he was set to film it all from afar. He took the stage with his partner, and they nailed it with everyone."
the local fitness centers held a get healthy event at one of our local parks . the staff was there to show us different exercises and classes that they offered . i joined in one of the free yoga exhibitions . my friend and i really had a great time . it was nice to see all the vendors there encouraging us to be healthier .,"Our community fitness centers hosted a wonderful get-healthy gathering at a neighborhood park. The instructors were so welcoming, demonstrating various exercises and class options they provide. I happily participated in one of the complimentary yoga demonstrations. My friend and I absolutely loved our experience—it felt so uplifting to see all the vendors there cheering us on toward healthier lifestyles!",Local fitness centers organized a get-healthy event at a park in the area. The staff demonstrated different exercises and available classes. I took part in a free yoga exhibition. My friend and I had a great time. It was good to see vendors promoting healthier choices.
the soccer coach gave his big speech . the cheerleaders then showed their pride . the team sang the star spangled banner right before the game started . they kicked the soccer ball around the field for a while . the game ended in a 0-0 draw after 3 hours .,"The soccer coach delivered an inspiring speech, then the cheerleaders enthusiastically displayed their pride. The team beautifully sang The Star-Spangled Banner just before the game began. They played soccer across the field for some time, and the match concluded in a 0-0 draw after three hours.","The soccer coach gave his big speech, and then the cheerleaders showed their pride. The team sang The Star-Spangled Banner right before kickoff. They played hard on the field for a while, and the game ended in a 0-0 draw after three hours."
this was my first flight used my camera to take some great pictures out the window . things look pretty amazing from so high up . finally the long flight comes to an end . now that we 're landed time for some beer !,"This was my first flight, and I used my camera to capture some lovely photos out the window. Everything looked so beautiful from such a high altitude. At last, the long journey came to a close. Now that we've landed, it's time for a nice beer!","This was my first flight; I used my camera to get some great shots out the window. Things look impressive from up high. Finally, the long flight ends. Now that we've landed, time for a beer."
another night together hanging out with some good friends . some friends are a little preferred to others | of course . as you can tell | that simple fact makes me quite happy . and it makes some other people very happy as well . however | it seems some people get easily embarrassed at the sign of public affection | which is understandable .,"Another lovely evening spent with dear friends. Some friends are naturally a bit more special than others, and honestly, that little truth just fills my heart with joy. It brings happiness to others too. Still, I notice that public displays of affection can make some people feel a bit shy, which is completely understandable.","Another night hanging out with good friends. Some friends are definitely preferred over others, no question. That simple fact makes me really happy, and it makes others happy too. But some people get embarrassed by public affection, which makes sense."
the gym was festively lit for the dance . over in the corner a photo both was set up . everyone posed for a photo with their date . the laser lights really added to the festive mood . the dance floor was crowded all night .,"The gym glowed with festive lighting for the dance. In the corner, a photo booth was arranged, and everyone took pictures with their dates. The laser lights enhanced the celebratory atmosphere beautifully, and the dance floor remained lively all evening.","The gym was brightly lit for the dance, with a photo booth set up in the corner. Everyone got photos with their dates, and the laser lights boosted the festive vibe. The dance floor stayed packed all night."
we took a trip to a place where they light up colored cloth objects . they had dragon ones that were really cool . this dragon one was our facorite one . we also found the turtle that was hiding from us very amusing . our last stop was to see a cool guy in a little wagon train | it was so colorful .,We went on a trip to a spot where they illuminate colorful cloth creations. They had dragon ones that were absolutely delightful. This dragon was our very favorite. We also thought the turtle that was hiding from us was quite charming. Our final stop was to see a wonderful person in a tiny wagon train—it was so vibrant and lovely.,We took a trip to a place with illuminated cloth displays. They had dragon ones that were seriously impressive. That dragon was our top pick. We also got a kick out of the turtle hiding from us. Our last stop was checking out a cool dude in a small wagon train—it was full of bold colors.
the family all went on a hike together . we visited an old cemetery . this grave had the name of someone we knew . we watched the sun set through the trees . we ended the day by looking at the ocean .,"The whole family went on a hike together, and we visited an old cemetery. We came across the grave of someone we knew, watched the sun set through the trees, and ended the day gazing at the ocean.","The family hiked together to an old cemetery. We saw a grave with the name of someone we knew, watched the sun set through the trees, and finished the day looking at the ocean."
on a farm you must rise with the sun . you can never take a day off no matter what the temperature is . rain | sleet or snow the chickens want to eat in the mornings or they wo n't give you eggs for your breakfast . the sheep have to be let out for exercise or their wool wo n't be good for your blankets and sweaters . at least in the winter we do n't have any plowing to do . that is another whole set of chores to do .,"On a farm, you really must rise with the sun. You simply can’t ever take a day off, no matter the temperature. Rain, sleet, or snow, the chickens need to be fed in the mornings, or they won’t provide eggs for your breakfast. The sheep must be let out for exercise, or their wool won’t be suitable for your blankets and sweaters. At least in winter, we don’t have any plowing to do—that’s an entirely different set of chores to handle.","On a farm, you have to get up with the sun. There’s no day off, regardless of the weather. Rain, sleet, or snow, the chickens need morning feed or they won’t lay eggs for breakfast. The sheep must be exercised or their wool won’t be fit for blankets and sweaters. At least in winter, there’s no plowing—that’s a whole other list of tasks."
the family really liked the statue of a goddess from the early 1600 's . we agreed to stay through the `` [female] in time '' tour in location . many of the sculptures we ran into were made out of ivory . the coliseum was one of the most memorable experiences of the tour . at the end of the tour | we encountered a sculpture of icarus .,"The family absolutely adored the statue of a goddess from the early 1600s. We decided to stay for the ""Woman in Time"" tour at the location. Many of the sculptures we came across were crafted from ivory. The Coliseum was one of the most unforgettable moments of the tour. At the tour's conclusion, we came upon a sculpture of Icarus.","The family really liked the statue of a goddess from the early 1600s. We agreed to stay for the ""Woman in Time"" tour at the location. Many sculptures we encountered were made of ivory. The Coliseum was the most memorable part of the tour. At the end, we found a sculpture of Icarus."
the statue had a nice feel to it and the people entered the garden it was near . they saw many ruins and ancient places . the canal was the prettiest of all .,"The statue had such a lovely feel to it, and the people entered the garden nearby. They saw many ruins and ancient places, and the canal was absolutely the prettiest of all.","The statue had a solid feel and the people entered the garden it was near. They saw numerous ruins and ancient sites, with the canal being the most impressive."
i took a trip today to find out what kind of design i want on the pillars of my house . some of the designs were very angled and hard to look at for long . others were very floral and pretty pleasant on the eyes . the company was trying to sell enough of the designs to cover entire walls . when they 're put next to each other | it 's easy to tell which designs are the best .,"I went on a trip today to discover which design would suit my house pillars best. Some designs had sharp angles and were rather harsh to look at for extended periods. Others featured lovely floral patterns that were quite pleasing to the eye. The company was aiming to sell enough of these designs to cover entire walls. When placed side by side, it becomes clear which ones are the most appealing.","Today I made a trip to check out potential designs for my house pillars. Some designs were sharply angled and tough to view for long. Others had floral patterns that were visually comfortable. The company was pushing to sell designs in bulk for full wall coverage. Side by side, the superior designs are obvious."
so today i ran across this frozen lake on a dare and the ice gave way . i fell in . when i fell in i teleported to this gate . when i walked through the gate i found this little field with footprints in it . when i followed the prints i found blood in the snow . i walked even further and i did n't find anything at all .,"Oh my goodness, I was dared to run across this frozen lake today, and the ice broke! I fell right in, and the next thing I knew, I teleported to this gate. When I walked through it, I discovered a little field with footprints. Following them, I found blood in the snow, but I walked even farther and didn't find anything at all.","So today I took a dare and ran across a frozen lake—the ice gave way and I fell in. When I fell, I teleported to this gate. I walked through it, found a small field with footprints, followed them, and spotted blood in the snow. I went even further but found nothing."
[male] really enjoyed going to the fair . he rode the swings . he played some games . he even won a stuffed gator . but | when he asked his friend to join him on the ferris wheel | his friend turned him down . so | he skipped his favorite ride .,"He truly enjoyed his time at the fair—he rode the swings, played some games, and even won a stuffed gator. But when he asked his friend to join him on the ferris wheel, his friend turned him down, so he ended up skipping his favorite ride.","He had a great time at the fair. He rode the swings, played games, and won a stuffed gator. But when he asked his friend to go on the ferris wheel, his friend said no, so he skipped his favorite ride."
i had always had a fascination with trains ... even since i was a little kid ... i really loved the steam trains from the early century . and | today | i would be riding one of my favorite trains . i jumped on | took my seat and we were off .,"I've always been fascinated by trains since I was a little girl; I really adored the steam trains from the early century. Today, I would be riding one of my favorites. I hopped on, took my seat, and we were off.","I've always had a fascination with trains ever since I was a little kid; I really loved the early century steam trains. Today, I was going to ride one of my favorites. I jumped on, took my seat, and we were off."
our vacation begins on gross public buses | but honestly it beats driving in unknown areas and getting lost | so here we go ! we stop off at the manly wharf | here you find many shops | cafes and diners . we had a nice cup of coffee on the waterfront property | overlooking this gorgeous view . in the distance there 's a tiny little lighthouse | slightly irrelevant to anything we did today | it just looked different so i wanted a picture ! after leaving the wharf we walked around location for the rest of the afternoon | such a lovely place | many beautiful sights to see . 10/10 would suggest !,"Our vacation starts with a ride on the public buses—not the most glamorous, but honestly, it's so much better than driving in unfamiliar areas and getting lost! So here we go! We stopped at Manly Wharf, where you'll find lots of shops, cafés, and diners. We enjoyed a lovely cup of coffee on the waterfront, overlooking this absolutely gorgeous view. In the distance, there's a tiny little lighthouse; it wasn't really part of our day, but it looked so unique I just had to snap a picture! After leaving the wharf, we spent the rest of the afternoon wandering around—such a charming place, with so many beautiful sights. I'd totally recommend it, 10/10!","Our vacation kicks off on public buses—not ideal, but it beats driving around unknown areas and getting lost. So here we go. We made a stop at Manly Wharf, which has plenty of shops, cafes, and diners. We grabbed a good cup of coffee on the waterfront, overlooking a great view. In the distance, there's a small lighthouse; it didn't relate to anything we did, but it looked different so I wanted a photo. After leaving the wharf, we walked around the area for the rest of the afternoon—a solid spot with lots to see. 10/10, would recommend."
walking to the wharf to visit a museum . woh | do n't look down | it 's a long way down there . what is this strange plant . looks like weeds . this one is pretty and has flowers growing off of them . this looks like an underwater christmas tree .,"Walking to the wharf to visit the museum. Oh my, don’t look down—it’s such a long way down there. What is this fascinating plant? It looks just like weeds. This one is so pretty, with lovely flowers growing from it. This looks like an underwater Christmas tree.","Walking to the wharf to check out the museum. Whoa, don’t look down—it’s a long drop. What’s this odd plant? Looks like weeds. This one’s pretty cool, has flowers growing off it. Looks like an underwater Christmas tree."
we went on a trip . we saw lots of cool buildings . the architecture was amazing . i loved being there . i ca n't wait to go back .,We went on the most wonderful trip! We saw so many beautiful buildings—the architecture was absolutely amazing. I truly loved being there and can't wait to go back.,We went on a trip and saw many impressive buildings. The architecture was amazing. I enjoyed being there and look forward to returning.
the festival brought many booths with useful information . there was even an information sign up board . i spun this wheel a couple of times and did n't win . this tent had much useful information for me . by the end of the day i was so tired i had to lay down .,"The festival had so many booths offering helpful information. There was even a sign-up board for more details. I spun the wheel a few times but didn't win anything. This tent was full of really useful resources for me. By the end of the day, I was so exhausted I just had to lie down.","The festival featured numerous booths with practical information. There was also an information sign-up board available. I tried the wheel a couple times and didn't win. That tent provided substantial useful information for my needs. By day's end, I was completely worn out and needed to rest."
it was a quiet night in the big city | but it would n't be for long . the night was lit up by the fireworks | to celebrate and bring in the new year . some were more colorful and vibrant than others some of the fireworks were even orchestrated to form pictures | such as the smiley face shown . while most of the fireworks were nice | some of the fireworks seemed lacking in color and style .,"It was a quiet evening in the vast city, though that tranquility wouldn't last. The sky illuminated with celebratory fireworks, welcoming the new year with joy. Some bursts were particularly vivid and lively, while others were even choreographed into images, like the cheerful smiley face displayed. Although many fireworks were lovely, a few appeared somewhat dull in hue and design.","The big city was quiet that night, but not for long. Fireworks lit up the darkness to ring in the new year. Some were brighter and more intense, with a few arranged to create shapes, such as the smiley face shown. While most fireworks were impressive, some fell short on color and style."
we went to kids day at the army barracks it was for all the children of organization personal the organization made it special the kids had a blast and the band played on,"We attended the kids' day at the army barracks, which was organized for all the children of personnel. The organization truly made it special—the kids had an absolute blast, and the band kept playing beautifully.","We went to kids day at the army barracks, an event for all organization personnel's children. The organization made it special; the kids had a blast and the band played on."
[male] is the captain of the flames . the group wolfing down their grub . [female] did n't get quite enough to eat . [male] eating like a savage like usual . [male] kept on screaming `` flame on ! `` .,"As the captain of the flames, he leads the group, who are all eating heartily. She didn't quite get enough to eat, while he ate voraciously as he usually does. He kept shouting, ""Flame on!""","He's the captain of the flames. The group tore into their food. She didn't get enough to eat. He ate like a savage, like always. He kept screaming, ""Flame on!"""
people dress in different colors are participating in this jogging event . this man is jogging across a bridge . there are plenty of red and white organization cups . two people included in the event a women and a man . different color balloons flowing into the air while the marathon continues .,"People dressed in colorful outfits are participating in this jogging event. A man is jogging across a bridge, and there are many red and white organization cups nearby. Included in the event are two people—a woman and a man. As the marathon continues, balloons in various colors float gently into the air.","Runners in assorted colors are participating in this jogging event. The man jogs across a bridge amid numerous red and white organization cups. Two participants, a woman and a man, are in the event. Colored balloons ascend into the sky during the marathon."
this is going to be a series of pictures of birds . these birds flock to the shorelines in and sometimes display murmurations in the sky . here one bird out of the many is taking solace in the water . here is another closeup of the same bird showing its reflection in the water . this was a cool photo of the birds beginning to form a murmuration behind the ferris wheel . some birds defected from the flocks to rest on one of the ferris wheel 's cages .,"This is going to be a series of pictures of birds. These birds flock to the shorelines and sometimes display murmurations in the sky. Here, one bird out of the many is finding solace in the water. Here is another closeup of the same bird, showing its reflection in the water. This was a lovely photo of the birds beginning to form a murmuration behind the Ferris wheel. Some birds left the flocks to rest on one of the Ferris wheel's cages.",This is a series of bird pictures. The birds flock to shorelines and sometimes display murmurations in the sky. One bird from the group takes solace in the water. Another closeup shows the same bird's reflection. This was a solid photo of birds starting to form a murmuration behind the Ferris wheel. Some birds broke from the flocks to rest on a Ferris wheel cage.
it was a beautiful day to play a round of golf . everyone took turns teeing off . they remembered to wear hats as protection from the sun . they carefully lined up putts . they were careful to keep score .,"It was such a lovely day for a round of golf. Everyone took turns teeing off, and they made sure to wear hats to protect themselves from the sun. They took their time lining up putts and were very diligent about keeping score.",It was a great day for a round of golf. Everyone took turns teeing off and remembered to wear hats for sun protection. They carefully lined up their putts and made sure to keep accurate score.
i took my daughter to watch a race today . lots of people were dressed up because halloween was coming up soon . a person dressed like spongebob squarepants made my daughter laugh really hard . a couple of people thought it would be funny to dress as a camel . both of them had a heat stroke and i saw the camel fall over .,"I brought my daughter to watch a race today. So many people were dressed up since Halloween was just around the corner. A person dressed as SpongeBob SquarePants made my daughter laugh so much. A couple of people decided it would be amusing to dress as a camel. Both of them ended up with heat stroke, and I saw the camel costume collapse.","Took my daughter to a race today. Lots of people were in costume with Halloween coming up soon. Someone dressed as SpongeBob SquarePants had my daughter cracking up. A couple guys thought dressing as a camel would be funny. Both got heat stroke, and I saw the camel go down."
everyone turned up at the festival the next day . the parade of old soldiers were the best . the vendors sold hand carved cups . some vendors had hand made ceramics on display . this was the table with the best hand made products and everyone agreed .,"Everyone showed up at the festival the following day. The parade of veteran soldiers was simply wonderful. Vendors offered beautifully hand-carved cups, and some had handmade ceramics on display. This particular table featured the most exquisite handmade products, and everyone wholeheartedly agreed.","Everyone arrived at the festival the next day. The old soldiers' parade was the best. Vendors sold hand-carved cups, and some displayed handmade ceramics. This table had the top handmade goods, and all agreed."
ideas were exchanged at the conference . people broke into smaller groups to share their thoughts . larger circles contained lectures and demostrations . the opportunity to meet leaders was given . pamphlets were given and taken home .,"At the conference, ideas were exchanged as people broke into smaller groups to share their thoughts. Larger circles featured lectures and demonstrations, and everyone had the opportunity to meet leaders. Pamphlets were distributed for attendees to take home.","The conference facilitated an exchange of ideas, with participants breaking into smaller groups to share thoughts. Larger circles hosted lectures and demonstrations, offering the chance to meet leaders. Pamphlets were provided and taken home."
i was out walking downtown one day . i saw many unique buildings and apartments . i stopped at some of the shops to browse . after a while i decided to head back to my apartment . i was glad to be back home .,"While strolling through downtown, I admired the charming architecture of numerous unique buildings and apartments. I paused to explore several delightful shops before eventually deciding to return to my cozy apartment, feeling so grateful to be back home.",I took a walk downtown and noticed many distinct buildings and apartments. I checked out a few shops before opting to head back to my place. It felt good to be home.
today we went to the flower market so i could get my girlfriend a v-day gift . at the market we passed a pet store with beautiful birds . here is a picture of the bird i liked the most . it had a great orange color . we the decided to walk through the flower showcase . one of my girlfriends favorite flowers are orchids . so i bought some orchids with these 2 little cute bears . i think she will like them !,"Today, my partner and I visited the flower market so I could find a Valentine's Day gift for her. At the market, we passed a pet store with such beautiful birds—here's a picture of the one I adored the most, with its lovely orange color. Afterwards, we strolled through the flower showcase; since orchids are one of her absolute favorites, I picked out some orchids along with these two adorable little bears. I just know she's going to love them!","Today we hit the flower market to grab a V-Day gift for my girlfriend. Passing a pet store, we saw some nice birds—here's a shot of the best one, with a solid orange color. Then we checked out the flower showcase; orchids are a favorite of hers, so I bought some orchids and these two cute little bears. She'll definitely like them."
the first sight we saw in location was the location location location wheel . the double decker busses dotted the highway too . perfect location with a bus and big [male] in the same photo . the thames is magnificent and beautiful under the gloomy sky . the organization organization organization has the greatest architecture imaginable !,Our first glimpse of the location was the stunning location location location wheel. The double-decker buses were scattered along the highway as well. It was a perfect spot to capture a bus and the large [male] in one photo. The Thames looked absolutely magnificent and beautiful beneath the overcast sky. The architecture of the organization organization organization is simply the greatest imaginable!,First thing we spotted at the location was the location location location wheel. Double-decker buses were all over the highway too. Perfect location to get a bus and big [male] in the same shot. The Thames is impressive and striking under the gloomy sky. The organization organization organization has unbeatable architecture.
we went to a beachside seafood restaurant for dinner . they offered many fresh options of locally caught seafood . the shrimp were so fresh and delicious . we had fresh flounder for our entree and i 've never had better . we will be returning to location on future visits to this area .,"We enjoyed dinner at a charming beachside seafood restaurant that featured so many fresh, locally caught options. The shrimp were incredibly fresh and absolutely delicious! For our entrée, we had the fresh flounder, which was simply the best I've ever tasted. We'll definitely be returning to this wonderful spot on future visits to the area.","We had dinner at a beachside seafood restaurant with plenty of fresh, locally caught options. The shrimp were exceptionally fresh and delicious. We ordered fresh flounder for our entree—best I've ever had. We'll return to this location on future visits."
we crossed this bridge on our way to the park . as we made our way through the park | we heard the birds singing . the we stopped to shop at some stores . at the end of the day we were tired | so we stopped to rest on a pretty bench . after we rested we went to see another beautiful park,"We crossed this bridge on our way to the park. As we strolled through the park, we heard the birds singing. Then we stopped to shop at some stores. At the end of the day we were tired, so we paused to rest on a lovely bench. After resting, we went to see another beautiful park.","We crossed this bridge on our way to the park. As we walked through the park, we heard the birds singing. Then we stopped to shop at some stores. At the end of the day we were tired, so we halted to rest on a sturdy bench. After resting, we went to see another beautiful park."
i went to a farmers market | where they were selling different foods . this food looked interesting | so i tried a sample . there were several cheeses available . as well as different fruits | and vegetables . there was also several types of garlic .,"I visited a farmers market where various foods were being sold. This particular food looked quite interesting, so I decided to try a sample. There were several cheeses available, along with different fruits and vegetables. There were also several types of garlic.","I went to a farmers market selling different foods. This food looked interesting, so I tried a sample. There were several cheeses, plus different fruits and vegetables. There were also several types of garlic."
our great downtown adventure began at [male] 's house . we went to the local train station where we all bought eyewear for the trip . the train ride was a bit stodgy as many businessmen were traveling home . we brought a few beers with us to liven up the ride . by the time we got to the pub we were already a bit tipsy .,"Our lovely downtown adventure started at [male]'s place. We headed to the local train station where each of us picked out some eyewear for the journey. The train ride felt a bit dull since many business travelers were heading home. We brought along a few beers to make the trip more fun. By the time we reached the pub, we were already feeling a little giggly.","Our awesome downtown adventure kicked off at [male]’s house. We hit the local train station and all grabbed eyewear for the trip. The train ride was kinda boring with so many businessmen commuting home. We brought a few beers to spice up the ride. By the time we got to the pub, we were already a bit buzzed."
in catering school we learned all about the importance of fresh ingredients . when we were n't learning the fundamentals such as risotto . . . we were learning how to create our own dishes . my partner came up with the great stew ! while i enjoyed everything i learned | my favorite part was making desserts .,"In catering school, we learned all about how incredibly important fresh ingredients truly are. When we weren't mastering fundamentals like risotto, we were learning how to create our very own dishes. My partner came up with such a wonderful stew! While I absolutely loved everything I learned, my favorite part was definitely making desserts.","In catering school, we learned the importance of fresh ingredients. When we weren't learning fundamentals like risotto, we were learning to create our own dishes. My partner came up with a great stew. I enjoyed everything I learned, but my favorite part was making desserts."
the bus with rabbits was going to the local market area where there were also giant buildings . there was a performance before the ship ride .,"The bus filled with rabbits was traveling to the neighborhood market area, where there were also some very tall buildings. Before the ship ride, there was a lovely performance.","The bus carrying rabbits headed to the local market zone, which also featured massive structures. A performance occurred prior to the ship ride."
we started our trip by visiting the local public market looking for bargains . the city was beautiful and we wanted to see as many sites as we could before leaving . the downtown area had many tall buildings beautifully constructed . we had a wonderful dinner at one of the best restaurants in town . we had some drinks at the local pub after dinner to relax .,"We began our trip exploring the local public market in search of lovely bargains. The city was absolutely beautiful, and we were eager to experience as many charming sites as possible before departing. The downtown area featured many wonderfully constructed tall buildings. We enjoyed a delightful dinner at one of the town's finest restaurants, then relaxed with some drinks at a cozy local pub afterward.","We kicked off our trip by hitting the local public market to hunt for bargains. The city looked impressive, and we aimed to cover as many key sites as possible before heading out. Downtown had numerous well-built tall structures. We grabbed a solid dinner at one of the top restaurants in town, then wound down with drinks at a nearby pub."
[female] loved her city . from the orange sherbet colored building to the regal palm trees . she lived in an elegant apartment building . she had an easy walk to view the river . going to the open market was invigorating and fun . she always enjoyed a pasta and bean dish while at the market . it was a perfect end to a shopping spree .,"She adored her city, from the orange sherbet-colored building to the regal palm trees. Her elegant apartment building was home, and she had a pleasant stroll to view the river. Visiting the open market felt invigorating and delightful; she always savored a pasta and bean dish there, making it the perfect conclusion to a shopping spree.","He loved his city, from the orange sherbet-colored building to the regal palm trees. He resided in an elegant apartment building and had an easy walk to view the river. Going to the open market was invigorating and fun; he always enjoyed a pasta and bean dish while there, capping off a shopping spree perfectly."
a traditional cook fire in action at the medieval festival . a sword fighting demonstration to start things off . this is how to parry a sword slash . some musicians playing traditional songs . a tent set up for the tournament .,"A lovely traditional cook fire burning brightly at the medieval festival. A sword fighting demonstration begins the festivities, showing how to gracefully parry a sword slash. Musicians are playing enchanting traditional songs, while a charming tent is set up for the tournament.","A traditional cook fire operating at the medieval festival. A sword fighting demonstration kicks things off, demonstrating how to parry a sword slash. Musicians perform traditional songs. A tent is arranged for the tournament."
we visited the market in the city we were visiting on vacation . i tried some fruits i had never tasted before . i talked to some of the merchants . the last night we decided to go on a date . we went on a date on a river boat .,"While vacationing in the city, we explored the local market where I sampled unfamiliar fruits and chatted with several merchants. For our final evening, we chose to have a romantic date aboard a river boat.","On vacation in the city, we hit the market where I tried new fruits and talked to some merchants. Our last night, we went on a date on a river boat."
i started my new job at a coffee shop . the manager showed me what to do . we shook hands and i started work right away . the coffee mugs were unique . after my shift | i sat down to a cup of coffee .,"I began my new position at a coffee shop, where the manager kindly showed me the ropes. We exchanged a warm handshake, and I started working immediately. The coffee mugs were so charming and unique. After my shift, I settled in to enjoy a lovely cup of coffee.","I started my new job at a coffee shop, and the manager showed me the tasks. We shook hands, and I got to work right away. The coffee mugs were distinctive. After my shift, I sat down for a cup of coffee."
we went to the market yesterday to have a look at what was for sale . there were lots of fruits there . i had trouble choosing among them . there were a lot of tomatoes as well . i bought many tomatoes .,"We visited the market yesterday to browse what was available. There were so many lovely fruits there! I found it a bit challenging to decide among all the options. There were plenty of tomatoes too, and I ended up purchasing quite a few.","We went to the market yesterday to check out what was for sale. There was a large selection of fruits. I had difficulty choosing between them. There were also many tomatoes, and I bought a lot of them."
at the conference | we encountered an extremely enthusiastic young man who could n't resist hamming it up for our camera . however | most of the speakers were far more subdued . and the presentations were a bit dry | though not without some humor . and we each got our own dinosaur figurine as a freebie from one of the booths . most of us could n't leave without taking some group pictures to show off to our colleagues later .,"At the conference, we met an incredibly enthusiastic young man who couldn't help but playfully ham it up for our camera. Still, most speakers were much more reserved. The presentations felt a bit dry, though they weren't without moments of humor. And each of us received our very own dinosaur figurine as a free gift from one of the booths. Nearly all of us ended up taking group photos to share with our colleagues afterward.","At the conference, we ran into an extremely enthusiastic young guy who just had to ham it up for our camera. But most speakers were far more subdued. The presentations were a bit dry, though they had some humor. And we each got a dinosaur figurine as a freebie from a booth. Most of us took group pictures to show our colleagues later."
the family was vacation in location . there were a lot of people selling things on the street . some sold things in their small boats . there was food sold in the street markets . this included lots of fresh vegetables .,"The family was on vacation in the location. There were so many people selling things along the streets! Some were even selling from their little boats. The street markets offered delicious food, including plenty of fresh vegetables.","The family vacationed in the location. Numerous vendors sold goods on the streets, some from small boats. Street markets sold food, which included a lot of fresh vegetables."
i went on a tour at an art museum today . there were many portraits to view . many of the portraits had explanations on what they artist was thinking when they painting their paintings . here is another portrait . i like how the artist put the emotion in the face and hand gestures . this photo showed the artist with her painting . i thought was pretty cool . the next one is a sketch on feet . while this was an unique subject | i thought that the artist captured the feet well . the last one is of street art . i love the colors and the amazing ability in street art .,"I visited an art museum for a tour today, where I saw many portraits. Several of them included explanations of what the artist was thinking while creating their work. Here is another portrait—I really appreciate how the artist conveyed emotion through the facial expressions and hand gestures. There was a photo showing the artist alongside her painting, which I found quite lovely. Next, there was a sketch focused on feet; although it was an unusual subject, I felt the artist captured the details beautifully. The final piece was street art, and I adore the vibrant colors and the incredible skill involved in street artistry.","Today I took a tour at an art museum with many portraits on display. Most portraits had notes on the artist's intent during creation. Here's another portrait—I like how the emotion comes through in the face and hand gestures. A photo showed the artist with her painting, which was pretty cool. Next was a sketch of feet; while a unique subject, the artist nailed the depiction. The last one was street art—I'm impressed by the colors and the skill in street art."
the river front view was simply mesmerizing . the mother and son looked very happy as they posed for a picture . the husband and wife decided they should take a picture together as well . the [male] adams memorial is a really historic landmark | we had to capture it . the city looked amazing on such a cold winter day .,The riverfront view was absolutely enchanting. The mother and son appeared so joyful while posing for their photo. The husband and wife also thought it would be lovely to take a picture together. The [male] Adams Memorial is such a significant historic landmark—we just had to photograph it. The city looked stunning on that chilly winter day.,The view of the riverfront was truly captivating. The mother and son looked quite happy posing for a picture. The husband and wife decided to get a photo together too. The [male] Adams Memorial is a major historic landmark; we needed to capture it. The city looked impressive on the cold winter day.
we had church today . there was a lot of people there . we had people speak . we then listened to the reverend . it was an enjoyable time .,"We had church today, and there were so many people there! Several individuals spoke, and then we listened to the reverend—it was truly an enjoyable time.","We had church today with a lot of people in attendance. People spoke, then we listened to the reverend. It was enjoyable."
i went to the museum . there were many interesting things there . i did not know what some of them were . there were a lot of notes and descriptions . afterward we left to grab something to eat .,"I visited the museum, which had so many fascinating things to see! Some of them were unfamiliar to me, but there were plenty of notes and descriptions to explore. Afterward, we headed out to get a bite to eat.","I went to the museum and saw many interesting exhibits. I didn't recognize some of them, but there were detailed notes and descriptions. Then we left to grab food."
the hotel just got a new sign and the local place did too . there was a cool car outside the coffee and steak shop that parked at the hotel later .,"The hotel just received a lovely new sign, and the local spot did as well. A really neat car was parked outside the coffee and steak shop, which later ended up at the hotel.",The hotel just installed a new sign and the local place did too. A cool car was parked outside the coffee and steak shop before it later parked at the hotel.
our wood shop class held a demonstration in the gymnasium . we showed our skills off to everyone who attended . people even offered to buy our furniture . no one offered to buy this ugly bird house . here 's our teacher in action . he can make anything out of wood .,"Our wood shop class had a demonstration in the gymnasium, where we proudly showcased our skills for everyone who came. People even wanted to buy our furniture, though no one offered for this rather plain birdhouse. Here's our teacher working his magic—he can craft absolutely anything from wood!",Our wood shop class did a demonstration in the gym. We showed off our skills to everyone there. People even made offers on our furniture. Nobody wanted to buy this ugly bird house. Here’s our teacher in action—he can build anything out of wood.
a parade was held in location . people collected beads from passing parade floats . some walked on stilts . others dressed up and rode floats through the streets . bands played marching music .,"A parade took place in the location, where attendees gathered beads from the passing floats. Some participants elegantly walked on stilts, while others dressed in vibrant costumes and rode along on the floats through the streets. Marching bands provided lively music for the event.","A parade was held in the location, with crowds collecting beads from the passing floats. Some people walked on stilts, and others dressed up to ride the floats along the streets. Marching bands played music throughout."
getting the church ready for our big day . making sure very pew is perfectly cleaned and looking it 's best . the view from the upper deck was spectacular . our guest speaker delivered a spectacular sermon . he was very good .,Preparing the church for our special day. Ensuring every pew is spotlessly cleaned and looking absolutely beautiful. The view from the upper deck was just breathtaking. Our guest speaker gave a truly inspiring sermon. He was wonderful.,Getting the church set for our big day. Making sure every pew is thoroughly cleaned and looking sharp. The view from the upper deck was impressive. Our guest speaker delivered a powerful sermon. He was very effective.
me and my girlfriend attended a championship tennis game today . she took many pictures on the court . she even pretended she was one of the players . it was finally time for the game to start . there were even fireworks !,"My girlfriend and I attended a championship tennis match today. She captured so many photos right on the court and even playfully imitated one of the players. When the match finally began, there were even fireworks!","My girlfriend and I went to a championship tennis game today. She took a lot of pictures on the court and even pretended to be one of the players. It was finally time for the game to start, and there were even fireworks."
a protest parade black lives matter . a lady holding up a hands up do n't shoot sign . a young lady holding up a sign . black lady with a bullhorn . a muslim looking girl with ugly look on face | hollering at people with a bullhorn .,"A Black Lives Matter protest parade. A woman holds up a ""Hands Up, Don't Shoot"" sign. A young woman is holding up a sign. A Black woman uses a bullhorn. A Muslim-appearing girl with an intense expression speaks through a bullhorn to the crowd.","A Black Lives Matter protest march. A woman displays a ""Hands Up, Don't Shoot"" placard. A young woman carries a sign. A Black woman addresses people with a bullhorn. A Muslim-looking girl, expression stern, addresses the crowd through a bullhorn."
the ship was about to leave . the ship is on its way . the ship is in a haze . we arrive at the temple . the statues are interesting .,"The ship was preparing to depart, now making its way through the mist. We've reached the temple, where the statues are quite fascinating.","The ship was set to leave, moving ahead in the haze. We arrive at the temple; the statues are notable."
dad took his boy to the zoo he was so excited to be heading to the zoo dad and his son rode the rides and saw the many animals it was a great day at the zoo,Dad took his sweet boy to the zoo—he was absolutely thrilled to be heading there! Dad and his son enjoyed riding the rides and seeing all the wonderful animals; it was such a lovely day at the zoo.,Dad took his son to the zoo; the boy was pumped to go. Dad and his kid rode the rides and checked out the animals—it was a solid day at the zoo.
we cheered loudly for the marathon running through our city . we were disappointing at the trash they left behind though . everyone running did their best . cousin [female] made it to the top 500 . by next year we should have an even bigger race .,"We cheered enthusiastically for the marathon running through our city, though we were disappointed by the trash they left behind. Every runner did their absolute best, and my cousin made it to the top 500. By next year, we should have an even bigger race!","We cheered loudly for the marathon running through our city but were disappointed with the trash left behind. Everyone running gave their best effort, and my cousin reached the top 500. Next year should bring an even bigger race."
the family was all together for thanksgiving . [male] was shocked when he seen his brothers getting into a fight . they beat each other up pretty bad . so bad that grandma had to come downstairs and make them stop . after the fight everyone chilled out while the food was being made .,"The entire family gathered for Thanksgiving, and [male] was utterly shocked when he witnessed his brothers engaging in a fight. They hurt each other quite severely, so much so that their grandmother had to come downstairs and intervene to stop them. After the altercation, everyone relaxed while the meal was being prepared.","The family was all together for Thanksgiving when [male] was shocked to see his brothers get into a fight. They beat each other up pretty bad, forcing grandma to come downstairs and break it up. After the fight, everyone chilled out while the food was getting made."
my nephews came to visit for their grandma 's party . acting shocked by what he just saw . time to get something to eat . grandma showing off her new gift . kids sitting there bored .,"My nephews came over for their grandma's party. They were acting so shocked by what they just saw! It's time to get something to eat. Grandma is showing off her new gift, and the kids are sitting there looking so bored.","My nephews visited for their grandma's party. They acted shocked by what they saw. Time to get food. Grandma showed off her new gift. The kids sat there, bored."
the japanese palace was very impressive . there were tons of pigeons outside . we hit up the spinns store afterwards . as we walked back | i noticed that the streetlights looked like lanterns . i almost ran into the man with a horse mask on while looking at the lights .,"The Japanese palace was absolutely stunning, with so many pigeons gathered outside. We stopped by the Spinns store afterward, and as we walked back, I couldn't help but notice how the streetlights resembled charming lanterns. I nearly bumped into a man wearing a horse mask while admiring them.","The Japanese palace was seriously impressive, with tons of pigeons outside. We hit up the Spinns store after, and walking back, I saw the streetlights looked just like lanterns. I almost ran into a guy in a horse mask while checking them out."
i love to travel this place is amazing so much to see and do i love this place,I absolutely adore traveling here; this place is incredible with so many wonderful things to see and do—I'm completely in love with it.,I love traveling to this spot; it's amazing with tons to see and do—really love this place.
the goats are in the field and the bison are there too . the horse is eating grass as the deer looks on and the rhino 's graze .,"The goats are grazing in the field with the bison, while the horse eats grass and the deer watches nearby as the rhino peacefully grazes.","Goats and bison occupy the field, the horse feeds on grass, the deer observes, and the rhino grazes."
the military prepared for the march from the castle . the guards stood at hand as the carriage passed through the street . dozens of decorated horse and men were at hand . a dignitary marched out to greet the carriage . the queen remained out of sight in her carriage all the while .,The military readied for the procession from the castle. Guards stood attentively as the carriage moved along the street. Dozens of adorned horses and men were present. A dignitary stepped forward to welcome the carriage. The queen stayed secluded in her carriage throughout.,The military geared up for the march from the castle. Guards stood ready as the carriage moved through the street. Dozens of decorated horses and men were on hand. A dignitary strode out to meet the carriage. The queen remained unseen in her carriage the entire time.
we rented a cabin in the woods it was nice and quaint it had everything we needed it was such a good time best part was the beach,"We rented a darling little cabin nestled in the woods—it was simply charming and had absolutely everything we could possibly need. The best part, without a doubt, was the beach; it made for such a wonderful time!","We rented a cabin in the woods—it was nice, quaint, and had everything we needed. The beach was definitely the highlight; we had a great time."
the new house is great . i had all knew handle for the cabinets installed . ones for the drawers too . the entire kitchen looks much better now . eventually i may replace the microwave .,"The new house is just wonderful! I had all new handles put on the cabinets, and some for the drawers too. The whole kitchen looks so much nicer now. Maybe later I'll get around to replacing the microwave.","The new house is great. I installed all new cabinet handles, plus ones for the drawers. The entire kitchen looks much better. Eventually, I might replace the microwave."
it was a lan party . the team strategized about how they would play against each other . this man looked patiently . the gamers were very intense into their matches . afterwards they discussed the results of the game .,"It was a LAN party, where the team carefully planned their strategies for playing against one another. This individual watched with patience, as the gamers became deeply engrossed in their matches. Afterwards, they talked over the game's outcomes together.","At the LAN party, the team strategized their gameplay against each other. The man watched patiently while the gamers focused intensely on their matches. Afterward, they discussed the game results."
some like to take walks through formal gardens . there are statues to admire . you may even find one in the middle of a pond . of course | the flowers are blooming . bees and butterflies enjoy the gardens too .,"Some of us enjoy strolling through formal gardens. There are lovely statues to admire, and you might even discover one placed right in the middle of a pond. Naturally, the flowers are in full bloom, and bees and butterflies delight in the gardens as well.","Some people enjoy walking through formal gardens. There are statues to appreciate, and you might even find one situated in the middle of a pond. Of course, the flowers are blooming, and bees and butterflies also frequent the gardens."
a couple decides to try a new fancy restaurant . the woman is very impressed and hopes they will come back again . the outside of the restaurant is ready for a celebration . the street is illuminated in a glowing pink and yellow . the man is in awe at the restaurants interesting decorations .,"A couple chooses to dine at an elegant new restaurant. She is thoroughly delighted and looks forward to returning. The exterior is beautifully arranged for festivities, with the street bathed in warm pink and golden light. He is captivated by the establishment's unique and charming decor.","A couple picks a high-end new restaurant to try. She's very impressed and wants to come back. The building's exterior is set up for a celebration, and the street glows in pink and yellow. He's struck by the restaurant's interesting decorative details."
the graveyard has many old headstones . there is also a vast amount of modern ones . sometimes you will find a family headstone . there are also headstones for a husband and wife . you can go online to research the people of any headstone that looks interesting to you .,"The graveyard features numerous old headstones, along with a substantial number of modern ones. Occasionally, you'll come across a family headstone, and there are also markers for married couples. If any headstone piques your curiosity, you can look up information about the people online.","The graveyard has many old headstones and plenty of modern ones. Sometimes there's a family headstone, and markers for husbands and wives. You can research any interesting headstone's occupants online."
this was by far the best family vacation i had . we went to organization . the theme parks were awesome . between rides we would stop for a snack . we even got the chance to dress up like pirates ! before we left | we had to take a few more pictures of location location .,"This was absolutely the most wonderful family vacation I've ever experienced. We visited Organization, and the theme parks were just magical. In between the rides, we would pause for a little snack. We even had the chance to dress up as pirates! Before we left, we made sure to take a few more photos of Location Location.","That was hands down the best family vacation I've had. We went to Organization—the theme parks were awesome. Between rides we'd grab a snack. We even got to dress up like pirates! Before leaving, we had to snap a few more pictures of Location Location."
many showed off their dance moves . some preferred to watch from the sidelines because they were n't as confident . a lot of people had chose interesting styles for this special night . it was 10 pm and the dj was busy spinning tunes for everyone at the club . everyone waited for the ball to drop | ready to party like it was 2012 !,"Many flaunted their dance moves, while others preferred watching from the sidelines, feeling less self-assured. Numerous people had chosen captivating styles for this special evening. At 10 pm, the DJ kept busy spinning tunes for everyone at the club. All eagerly awaited the ball to drop, ready to celebrate as if it were 2012!","Many showed off their dance moves, though some hung back on the sidelines due to lower confidence. Plenty of people had picked standout styles for the big night. It was 10 pm, and the DJ was spinning tunes nonstop for the crowd. Everyone was waiting for the ball to drop, geared up to party like it was 2012."
we are in a fall parade today . papa smurf is the mascot in the back of our pick up truck . papa smurf dwarfs the festival audience . both young and old are delighted to be part of the festivities . the event concludes with the start on a warm bonfire .,"We're having such a lovely time at the fall parade today! Papa Smurf is our adorable mascot, riding in the back of the pickup truck. He towers over the festival crowd, and everyone—from the little ones to the elders—is absolutely delighted to be part of the celebration. The event wraps up with the cozy start of a warm bonfire.",We're at the fall parade today. Papa Smurf is the mascot in the pickup truck bed. He looms over the festival crowd. Both young and old enjoy the festivities. The event ends with the lighting of a warm bonfire.
it was a nice night downtown for a fireworks show . everyone crowded around and waited for the show to begin . there were a lot of rockets lit off at once . they exploded in the sky with brilliant colors and flashes of light . the finale was a wonderful sight - many rockets of all different colors set off at once .,"It was such a lovely evening downtown for the fireworks show. Everyone gathered close together, eagerly waiting for it to start. So many rockets were set off all at once, bursting in the sky with dazzling colors and bright flashes of light. The finale was absolutely wonderful—a beautiful sight with rockets of every color lighting up together.","It was a good night downtown for the fireworks show. Everyone crowded around and waited for it to begin. A lot of rockets went off simultaneously, exploding in the sky with brilliant colors and flashes. The finale was an impressive sight—numerous rockets in different colors launched all at once."
[female] is showing off her new shoes to friends on organization . she also got this black slip to go under her new dress her dad [male] thinks she is crazy to have spent so much money for them . her little brother smirks as he listens to [male] carry on with [female] . [female] is clearly not amused by her fathers comments .,She's excitedly showing her new shoes to her friends in the organization. She also picked up a black slip to wear under her new dress. Her dad thinks she's a bit extravagant for spending so much on them. Her little brother grins as he hears him teasing her. She's clearly not enjoying her father's remarks.,She shows off her new shoes to her friends at the organization. She also got a black slip to go under her new dress. Her dad says she's crazy to have spent that much on them. Her little brother smirks while listening to him go on about it. She is clearly not amused by her father's comments.
my shoes looked great . they went well with my dress . he word a vest and shirt . le just went casual . i want happy with their clothing choices .,"My shoes looked absolutely lovely and complemented my dress perfectly. He wore a vest and shirt, but simply kept it casual. I wasn't pleased with their outfit selections.","My shoes looked sharp and matched my dress well. He had on a vest and shirt, going for a casual look. I wasn't happy with their clothing choices."
i told these two lovers that i 'd catch a glorious photo of them by the time the party was over . [male] was not about to make it an easy task | being as shy as he is . we had a great time and everyone was dressed up in this damp building . most of the building was still under construction | but we stayed in a mostly complete section of it . i was n't able to get a good photo of the glorious couple | but i did catch [male] 's swagger on film .,"I promised these two lovers I'd capture a beautiful photo of them before the party ended. [Male] wasn't going to make it simple, as he's quite shy. We had a wonderful time, and everyone was dressed so nicely in this damp building. Most of the building was still being worked on, but we stayed in a section that was mostly finished. I didn't manage to get a great photo of the lovely couple, but I did catch [male]'s confident walk on film.","I told these two lovers I'd get a stellar shot of them by the party's end. [Male] wasn't making it easy, being as reserved as he is. We had a good time, and everyone was dressed up in that damp building. Most of the place was still under construction, but we were in a largely finished area. I couldn't snap a solid photo of the impressive couple, but I captured [male]'s swagger on film."
got to work early in the morning and walked to the office . looked out the window at the morning . as the day went | it got hazy outside . checked the internet connection before getting to work . started actual work by printing some documents that came up in the copy room printer .,"I arrived at work early this morning and walked to the office. I looked out the window at the morning scene. As the day progressed, it became hazy outside. I checked the internet connection before beginning my work. I started my actual tasks by printing some documents that appeared in the copy room printer.","Got to work early and walked into the office. Looked out the window at the morning. As the day went on, it got hazy outside. Checked the internet connection before getting down to work. Started actual work by printing documents that came up in the copy room printer."
the outside of the abondonded building we explored we made the throne of trash who knows what all these keys went to that is a very true statement empty spaces like this feel very weird,"As we explored the outside of the abandoned building, we created a throne from trash; who knows what all these keys once opened—that's such a genuine thought. Empty spaces like this one feel truly eerie.",We explored the outside of the abandoned building and built a throne out of trash; who knows what all these keys were for—that's a completely accurate statement. Spaces this empty have a very strange feel.
a look back in time shows us how main street use to look with big department stores . an old blacksmith shop was one of the main businesses at the turn of the century . business was booming in downtown with little shops catering to your every need . a nice local owned general store was a popular spot . this is how they used to deliver milk to the local townspeople .,"Looking back, we can see how Main Street once looked with its grand department stores. A charming old blacksmith shop was among the key businesses at the turn of the century. Downtown was absolutely bustling with lovely little shops catering to every need. A sweet locally owned general store was such a popular spot. This is how they used to deliver milk to the townspeople, making life so much easier for everyone.",A historical review shows Main Street's past appearance with major department stores. An old blacksmith shop operated as a primary business at the turn of the century. Business thrived downtown with compact shops meeting all needs. A locally owned general store served as a key hub. This method was used for milk delivery to local residents.
the kids are learning on the computer . two kids holding their computer . boy is putting his computer in his book bag . boy holding up computer . kids on stage in a play .,The children are studying on their computers. Two youngsters are holding their devices. A boy is placing his laptop into his backpack. Another boy is raising his computer. Kids are performing on stage in a play.,The kids are learning on the computer. Two boys are holding their computers. One boy is putting his computer in his book bag. A boy holds up his computer. Kids are on stage performing a play.
exploring graffiti around the city and found these lights that almost look like demon eyes a very distrubing image on the side of an apartment building we found the entrance to a basement that was just covered . the same shot with some camera effects added this is n't graffiti but the stairs form their own art work,"While exploring the city's graffiti, I came across these lights that resemble demon eyes—a truly unsettling image on an apartment building's side. We discovered a basement entrance that was completely covered. The same shot, enhanced with camera effects, reveals that although it isn't graffiti, the stairs create their own artwork.","Found these lights that look like demon eyes while checking out graffiti around the city—a disturbing sight on an apartment building. We located a basement entrance that was just covered up. Same shot with camera effects added; it's not graffiti, but the stairs form their own art."
i left my husband for one day and this is what the house looked like when i returned . the bed was unmade there were papers all over the floor . he had plastic cups and plates . so how did the kitchen get so dirty ? well at least there is one clean spot .,"I was away from my husband for just one day, and upon returning, this is how the house appeared. The bed remained unmade, papers were scattered across the floor, and he had used plastic cups and plates. How on earth did the kitchen become so messy? Well, at least there's one tidy area.","I left my husband alone for a day, and here's what the house looked like when I got back. The bed wasn't made, papers were all over the floor, and he had plastic cups and plates. How did the kitchen get that dirty? At least there's one clean spot."
my house was robbed . the thief left papers all over the place . the place was a complete mess . the thief ransacked my kitchen completely . the thief ran out through my back porch .,"My house was robbed, and the thief scattered papers everywhere, leaving the place in a complete mess. They completely ransacked my kitchen and then escaped through my back porch.","My house was robbed. The thief left papers everywhere, making the place a total mess. They ransacked my kitchen completely and fled through my back porch."
it was a cold day in december . the snow seemed to be staying for days and days . the whole city was ready for the snow to go | but the weatherman was already talking about another storm . the big trucks can through and pushed the snow away . they also added salt to the roads . but | the weatherman was right ! our storm came and left 3 inches of snow . we were going to be stuck with this snow for awhile !,"It was such a cold December day. The snow just lingered on and on, and the whole city was so ready for it to finally go. But then the weatherman started talking about another storm coming. The big trucks came through and cleared away the snow, and they put salt on the roads too. Still, the weatherman was right! Our storm arrived and left three inches of snow. We were going to be stuck with this snow for a while!","It was a cold day in December. The snow persisted for days, and the entire city was prepared for it to depart. However, the weatherman forecast another storm. The large trucks came through to push the snow away and applied salt to the roads. But the weatherman was correct—our storm hit and deposited three inches of snow. We were stuck with it for some time."
the windows were clear and easy to see through . the champagne bottle was put on ice . the bed was nice and clean . we went outside to enjoy the historical grounds . the chairs in the hotel were nicely furnished .,The windows were sparkling clean with perfect clarity. We placed the champagne bottle on ice to chill. The bed felt wonderfully fresh and inviting. We stepped outside to appreciate the beautiful historical grounds. The hotel chairs were elegantly furnished and very comfortable.,"The windows provided clear, unobstructed views. The champagne bottle was chilled on ice. The bed was neat and well-maintained. We went out to explore the historic grounds. The hotel chairs featured quality furnishings."
she is looking at the photos on the wall . think i 'll walk around for awhile . i 'm not even sure what this is supposed to mean ? ? ? ? those tables are too close together . what if someone jumped or fell from up here ... it would hurt . what is this supposed to be ? ? looks like a dead body was on the floor . ping pong ... now there 's something i can relate too .,She's admiring the photos on the wall. I think I'll take a stroll for a bit. I'm honestly not sure what this is meant to signify? Those tables are placed much too near each other. Imagine if someone tumbled from up here—it would be so painful. What is this intended to represent? It appears as though there was a body lying on the floor. Ping pong—now that's something I can truly connect with.,"She's checking out the photos on the wall. I'll walk around for a while. Not even sure what this means. Those tables are too close. If someone fell from up here, it'd hurt. What's this supposed to be? Looks like a body was on the floor. Ping pong—now that's relatable."
here in the snow | me and a bike just are n't working together . safer in town just to walk . here i am and i 've lost my friend | she ordered a soda and now i ca n't find her . i whistle and get no answer . i 'm sitting here stuck with 2 cold drinks . oh no | here comes the snow truck | as i jump out of the way | i get drenched not only with snow but two nice cold drinks .,"Here in the snow, my bike and I just aren't working together. It's safer in town to simply walk. Here I am, and I've lost my friend—she ordered a soda, and now I can't find her. I whistle and get no answer. I'm sitting here stuck with two cold drinks. Oh no, here comes the snow truck! As I jump out of the way, I get drenched not only with snow but with two nicely cold drinks.","In the snow, the bike and I just aren't working. Safer in town to walk. I'm here and lost my friend—she got a soda, now I can't find her. I whistle, no answer. Sitting stuck with two cold drinks. Damn, here's the snow truck. Jumping out of the way, I get soaked with snow and two cold drinks."
we got the programs loaded up for the presentation . we got all set up before the people arrived . then the meeting started . valid points where made throughout . the meeting only lasted a few hours .,"We had all the programs loaded for the presentation and were completely set up before everyone arrived. Once the meeting began, many valid points were shared, and it wrapped up in just a couple of hours.","We got the programs loaded for the presentation and had everything set up before people showed. The meeting started, solid points were made throughout, and it only lasted a few hours."
[male] was to be given a special award tonight . with his friends and colleagues around with him . [male] was really proud of all the work he had done for the company . they give him this award because he had been such a hard loyal worker for the company . it 's all smiles as [male] celebrates his award .,"[Male] was to receive a special award this evening, surrounded by his friends and colleagues. He felt truly proud of all the effort he had contributed to the company. They presented him with this award because he had been such a dedicated and loyal employee. It's all smiles as [male] joyfully celebrates his recognition.","[Male] was set to get a special award tonight, with his friends and coworkers by his side. [Male] took pride in all the work he'd put into the company. They gave him the award for being a hard, loyal worker. It's all smiles as [male] celebrates his achievement."
the building had many windows . near the ground were many other people . the street had a few cars on it . the building was full of people . there were several floors too .,"The building featured numerous windows, with many people gathered near the ground. The street had only a few cars, while the building itself was bustling with people and comprised several floors.","The building had many windows and numerous people near the ground. A few cars were on the street, and the building was full of people with several floors."
employees of the new company are taking in the view . employees are walking around the company to get familiar with the area . the company has 2 hour parking out front and with prime location to downtown . there are plenty of places that are in walking distance to the company . the office is located on the second floor with a great window view of downtown .,"The new company's employees are enjoying the lovely view as they stroll around getting acquainted with the area. With a prime downtown location, the company offers two-hour parking out front, and there are so many wonderful places within walking distance. The office itself is on the second floor and features a beautiful window view of downtown.",Employees of the new company are taking in the view while walking around to get familiar with the area. The company has two-hour parking out front and a prime downtown location. Plenty of places are within walking distance. The office is located on the second floor with a great window view of downtown.
i went to a convention today . there were many refreshments there . i met somebody that i thought i never would get the chance to meet . i took crazy pictures with all of my friends . i had a really awesome time at the convention .,"Today at the convention, I had such a lovely time! There were so many delightful refreshments, and I actually got to meet someone I never thought I'd have the chance to see. I took so many fun pictures with all my friends—it was absolutely wonderful!","I went to a convention today and had a great time. There were plenty of refreshments, and I met someone I didn't expect to ever get the chance to meet. I took a bunch of wild photos with all my friends—it was awesome."
they put together a pool for the animals . the kids were able to play with them and they touched many of the animals . they were taught about the animals and they enjoyed their day of learning .,"They created a lovely pool for the animals, and the kids had such a wonderful time playing and gently touching many of the creatures. They learned all about the animals and truly cherished their delightful day of discovery.",They built a pool for the animals; the kids played with them and handled many of the animals. They were instructed about the animals and had a great day of learning.
here is my dog-ready for the dog show . other dogs were dyed colors so that they would stand out . all of the dogs waited their turn . there were even little dogs there to compete . the dogs did an excellent job performing .,"Here's my dog, all set for the dog show! Some other dogs had their fur dyed in vibrant colors to help them stand out. All the pups waited patiently for their turn, and there were even some tiny ones there competing. The dogs did such a wonderful job performing.","My dog is ready for the dog show. Other dogs were dyed to stand out. All the dogs waited their turn, and there were even small dogs competing. The dogs performed excellently."
the thompsons went on a vacation they spent most of their time in the pool at their hotel . the room they stayed in was very spacious [male] thompson and his dad got a picture with the hotel manager -- he was so helpful . later that night the thompsons went to a show .,"The Thompsons enjoyed a lovely vacation, spending most of their time relaxing in their hotel's pool. Their room was wonderfully spacious. Mr. Thompson and his father took a picture with the hotel manager—he was incredibly helpful. That evening, the family attended a show.","The Thompsons took a vacation and spent most of their time in the hotel pool. Their room was very spacious. Mr. Thompson and his dad got a photo with the hotel manager—he was extremely helpful. Later, the Thompsons went to a show."
the exotic location with palm trees and rare animals was a perfect place to make into a tourist destination . this house was built as a b & b for that purpose . locals there got together and ensured that they would be prepared for the tourist influx . they trained out in the water with the understanding that many foreigners would drown if they do n't get some certified lifeguards in place before the opening .,"The exotic location with its palm trees and rare animals made it an ideal spot to develop into a tourist destination. This house was constructed as a bed and breakfast specifically for that purpose. The local community came together and made sure they would be ready for the increase in tourists. They trained in the water, understanding that without certified lifeguards in place before the opening, many visitors from abroad might drown.","The exotic spot, complete with palm trees and rare animals, was prime for turning into a tourist destination. This house was built as a B&B to serve that exact purpose. Locals organized to ensure they were prepared for the tourist surge. They trained in the water, knowing that without certified lifeguards ready before opening, many foreigners would drown."
the family went on vacation to location . our hosts welcomed us with open arms ! our shack was very cosy and rustic . that morning we went on a guided tour of the water front . later that afternoon we went on a raft ride . it was a great way to end the day .,"Our family took a vacation to the location, and our hosts greeted us so warmly! Our little shack felt incredibly cozy and rustic. That morning, we enjoyed a guided tour along the waterfront, and later in the afternoon, we went on a raft ride—such a lovely way to wrap up the day.","Our family went on vacation to the location. Our hosts gave us a hearty welcome. The shack was cozy and rustic. We took a guided tour of the waterfront that morning, followed by a raft ride in the afternoon—a solid end to the day."
this is a picture of two men . this is a picture of a boat . this is a picture of two friends . this is a picture of three men . this is a picture of a man wearing orange .,"This image captures two men, a boat, two friends, three men, and a man in orange.","Two men, a boat, two friends, three men, a man in orange."
people in stone houses should n't throw glasses | or something like that . this palatial building is at the corner of rich and famous . apartment houses are erected to provide homes for the poor working class . this house was built 400 years ago . the monument serves as a gate to this building .,"People living in stone houses shouldn't throw glasses, or something similar. This beautiful building sits at the corner of Rich and Famous streets. Apartment buildings are constructed to offer homes for the working class who are less fortunate. This house was constructed 400 years ago. The monument acts as an entrance to this structure.","Those in stone houses shouldn't throw glasses, or something to that effect. This palatial building stands at the corner of Rich and Famous. Apartment houses are built to house the poor working class. This house was erected 400 years ago. The monument functions as a gate to the building."
we visited a petting zoo . we first went to see the goats . this goat was trying to wat whatever he could find . then we got to see this critter finally we saw a small spotted pig .,"We had such a lovely time at the petting zoo! First, we got to see the goats, and one of them was just trying to nibble on anything it could find. After that, we finally saw this adorable little critter, and then we ended our visit by seeing a small spotted pig.","We hit the petting zoo and first checked out the goats. One goat was grabbing whatever it could find to eat. Then we saw this critter, and finally, we spotted a small pig with spots."
today was the day [male] was going to meet up with some fellow bike riders for a race . [male] taking a pic before the race . [male] trying to get his bike just right before the race . all the competitors arrive and it 's time to start the race . after the race is over they all smile and take a picture together .,"Today was the day he was going to meet up with some fellow bike riders for a race. He's taking a picture before the race. He's trying to get his bike just perfect before the race. All the competitors arrive, and it's time to start the race. After the race is over, they all smile and take a photo together.","Today he met up with fellow bike riders for a race. He took a pic before the race. He adjusted his bike before the race. All competitors arrived and the race started. After the race, they smiled and took a picture together."
i took the plunge . i never ran a race before . but i trained hard for this . i ran long and i ran hard . and i got to see the top of the world .,"I decided to take the plunge. I had never run a race before, but I trained so diligently for this. I ran long distances and gave it my all, and I was able to experience the top of the world.","I took the plunge. I'd never run a race before, but I trained hard for this. I ran long and pushed myself, and I got to see the top of the world."
today was our first day at the mud races everyone had to prepare their own vehicle this one was really cool as it rolled down the hill with the people in it cousin jed and his group made this one they all started the floating portion at the end,"Today was our first day at the mud races! Everyone got to prepare their own vehicle, and this one was absolutely adorable as it rolled down the hill with the people inside. My cousin Jed and his group made this one, and they all started the floating portion at the very end.","Today was our first day at the mud races. Everyone had to prep their own vehicle—this one was seriously cool as it rolled down the hill with the crew inside. Cousin Jed and his team built this one, and they kicked off the floating part at the end."
the field trip to organization is a wonderful learning experience for all the students . the teacher gives them direction on what 's going to be happening on their tour of this organization facility . a organization representative shows the students a film about the location landing . the students were given some tests to evaluate their knowledge of the space program . the students were shown these charts and educated on the conditions the location surface .,"The field trip to the organization is such a wonderful learning experience for all the students! The teacher provides clear direction on what will be happening during their tour of the facility. A representative shows the students a film about the location's landing, and they are given tests to evaluate their knowledge of the space program. The students are shown charts and educated about the conditions on the location's surface.",The field trip to the organization is a valuable learning experience for all students. The teacher gives directions for the tour of the facility. An organization representative shows a film on the location landing. Students take tests to evaluate their space program knowledge. They view charts and learn the conditions of the location surface.
feelings were running high today . there was a lot of emotion in the crowd | with many hugs shared . but everyone listened attentively . a large group was gathered to listen . afterwards people broke into smaller groups to talk .,"Emotions were deeply felt today, with heartfelt embraces exchanged among the attentive crowd gathered to listen, later transitioning into intimate conversations in smaller groups.","Tensions were high today as the emotional crowd exchanged firm embraces while listening intently, then dispersed into smaller clusters for discussion."
we where walking around town and decided to follow the crowd . we made our way to the center of town and looked around . the buildings where really cool . we hung out till night to see what goes on there . the streets lit up and stayed very lively .,We were walking around town and decided to follow the crowd. We made our way to the town center and looked around. The buildings were really lovely. We stayed out until night to see what happens there. The streets lit up and remained very vibrant.,We were walking around town and decided to follow the crowd. We headed to the center of town and scoped it out. The buildings were really impressive. We stuck around until night to see what goes on there. The streets lit up and stayed bustling.
the school was new . the grounds the school were on were vast . kids liked to eat their meals outside . the birds flew over the school often . the city was glad to have such a modern school for the children .,"The new school stood on expansive grounds where children enjoyed dining outdoors. Birds frequently soared overhead, and the city felt delighted to provide such a modern facility for its youth.","The new school occupied vast grounds where kids ate meals outside. Birds often flew over the school, and the city was pleased to have this modern facility for children."
pulling up on the bike getting ready for the race . more bikers ride up to enter the race . a ride who is participating in the race . the gentleman checks his shoes before the bike race . a picture of the racers for posterity .,Arriving on the bicycle and preparing for the race. Additional cyclists ride up to join the competition. A participant getting ready for the event. The man examines his footwear prior to the cycling race. A photograph capturing the competitors for remembrance.,Pulling up on the bike and gearing up for the race. More riders roll in to enter. A competitor in the event. The guy checks his shoes before the bike race. A shot of the racers for the record.
it was parent 's day at our school . we took a photo together . we played in the sensory tubs . we even planted some sunflowers . everyone had a wonderful time .,"It was parent's day at our school, and we took a lovely photo together. We played in the sensory tubs and even planted some sunflowers—everyone had such a wonderful time!","It was parent's day at our school. We took a group photo, played in the sensory tubs, and planted sunflowers. Everyone had a great time."
the kids had a blast in the park they learned about being nice to others there was face painting and lots of people came to the event there was even a show from the local high school dance club,"The children had an absolutely wonderful time at the park, learning about kindness toward others. There was face painting, many attendees came to the event, and a performance by the local high school dance club even took place.","The kids had a great time at the park and learned about being kind to others. There was face painting, a big turnout, and the local high school dance club put on a show."
the family began their day at an outdoor bookfair . there was live entertainment in the park we had a selection of places to stop | eat and rest there was even a running tournament that we watched . there was also plenty of games for the children to actively participate,"The family started their morning at an outdoor book fair, enjoying live entertainment in the park. We had a lovely selection of places to stop, eat, and rest, and there was even a running tournament we watched. There were also plenty of games for the children to actively participate in.","The family kicked off their day at an outdoor book fair with live entertainment in the park. We had a range of spots to stop, eat, and rest, and there was even a running tournament we caught. Plenty of games were available for the kids to get involved in."
we went to a rally in location location for [male] mandela . the protestors were hoping to get [male] mandela free . kids were photographed for sympathy pleas . it worked . immigrants protested for human rights .,"We attended a rally in location location for [male] Mandela. The protesters were hoping to secure [male] Mandela's freedom, and children were photographed to evoke sympathy. It proved effective, as immigrants demonstrated for human rights.","We went to a rally in location location for [male] Mandela. Protestors aimed to free [male] Mandela, using kids in photos for sympathy. It worked; immigrants protested for human rights."
we decided to have a small fire in our fire pit on our back deck . everybody was having a great time enjoying each others company . all of a sudden the wind started picking up . before anybody could stop at a couple embers flew towards the nearby forest . unintentionally we had managed to start a forest fire .,"We had decided to have a small fire in our fire pit on the back deck. Everyone was having such a lovely time enjoying each other's company. Suddenly, the wind began to pick up. Before anyone could do a thing, a couple embers flew toward the nearby forest. Unintentionally, we had started a forest fire.","We decided to have a small fire in our fire pit on the back deck. Everyone was having a great time enjoying each other's company. All of a sudden, the wind started picking up. Before anyone could react, a couple embers flew toward the nearby forest. Unintentionally, we started a forest fire."
mother and father goose lived near the pond . they had a large family | and it was n't easy raising them all . it took all their time keeping their brood in line . on the pond or on the shore | those little goslings were a pack of trouble . however | it was all worth it | as nothing gave them more pride than watching their little guys grow up to be big | strong geese .,"Mother and Father Goose lived near the pond, raising their large family, which was no simple task. They dedicated every moment to guiding their brood, whether on the pond or shore—those darling goslings were quite the handful! Still, it was utterly worthwhile, for nothing brought them greater joy than seeing their little ones blossom into big, strong geese.","Mother and Father Goose lived by the pond with a big family, and raising them was tough. They spent all their time keeping the brood in line, on the pond or shore—those goslings were a real handful. But it was worth it; nothing made them prouder than watching their little guys grow into strong, full-sized geese."
we boarded the boat preparing to go fishing . we saw lots of other boats on our way out to fish . you could see the houses along the dock on our way out to fish . we passed a big boat on the way out . once we were out at sea we could see all the buildings along the shore .,"We boarded the boat, getting ready to go fishing. There were so many other boats on our way out! You could see the lovely houses along the dock as we headed out. We passed a huge boat along the way. Once we were out at sea, all the buildings along the shore came into view.","We boarded the boat and prepped to go fishing. On the way out, we saw plenty of other boats. The houses along the dock were visible as we headed out. We passed a large boat on the way. Once out at sea, we could see all the buildings along the shoreline."
the parade had exotic bronze robot characters . the pink float was colorful and fund . these ladies were having a great time in their costumes at the parade performing . the performers had their costumes on to entertain the crowd . the people danced for the crowd in the parade underneath the signs .,"The parade featured exotic bronze robot characters, and the pink float was wonderfully colorful and fun. These women were having an absolutely delightful time in their costumes while performing. The performers wore their outfits to entertain the crowd beautifully. People danced joyfully for the audience in the parade beneath the signs.","The parade included exotic bronze robot characters, with the pink float being colorful and fun. These women enjoyed themselves in their costumes while performing. The performers had on their costumes to entertain the crowd. People danced for the audience in the parade under the signs."
having a ball with the fellow | s after the game.dave roberts | [male] [male] and the rest of our team . we are out here to show the world who the best sport is today.it | s golf . going to enjoy the day on our tour . we will be departing from location location and will be arriving in location soon . we went on our organization organization tour . all of us had a very nice time together . we had a very nice day shopping in the city.we each bought a nice tee shirt and had a nice lunch as well .,"We had such a wonderful time together with the guys after the game. Dave Roberts and the rest of our team are out here to show the world who the best sport is today—it's golf. We're going to enjoy the day on our tour, departing from one location and arriving in another soon. We went on our organization's tour, and all of us had a lovely time together. We had a really nice day shopping in the city, each buying a nice tee shirt and enjoying a lovely lunch as well.","We had a great time with the guys after the game. Dave Roberts and the rest of our team are out here to show the world who the best sport is today—it's golf. We're going to enjoy the day on our tour, departing from one location and arriving in another soon. We went on our organization's tour, and all of us had a good time together. We had a solid day shopping in the city, each buying a tee shirt and having a good lunch too."
birthday woman is in the hospital but thats okay we are still going to have fun more family shows up and brings balloons ! man that hat was getting uncomfortable lets adjust it a little bit birthday woman drinking some water because of the talking and sadly it is time for us to leave . bye !,"Our dear birthday lady is in the hospital, but that's perfectly alright—we're still going to have a wonderful time! More family arrives and brings lovely balloons. Oh my, that hat was becoming quite uncomfortable; let's just adjust it a bit. The birthday woman is sipping some water after all the chatting, and unfortunately, it's time for us to depart. Farewell!","The birthday woman is in the hospital, but it's all good—we're still having fun. More family shows up with balloons. Man, that hat was getting uncomfortable; let's fix it. Birthday woman's drinking water from talking, and sadly, we gotta go. See ya."
we were told this home had the best window art in town . we saw windows framed in beautiful wood . we saw many stained glass windows . some were on walls . some were even mounted in the ceiling !,"We learned this home was celebrated for having the most exquisite window art in town. We admired windows elegantly framed in rich wood and numerous stained glass pieces, some adorning the walls while others were even mounted charmingly in the ceiling!","We heard this house had the best window art around. We noticed windows framed in sturdy wood and multiple stained glass panels, some set into walls and others installed directly in the ceiling."
two best friends decided to go a barnyard petting zoo . they first arrived and noticed a resting cow . they decided not to wake it . next to the cow was a very cute pig that oinked every time the two girls came near the cage . in small compartments over head there were cages filled with even cuter baby chicks . the girls ended their day with the bee collection held in a separate house than the other animals . the girls put on bee suits and the swarm buzzed along the honeycomb .,"Two best friends chose to visit a barnyard petting zoo. Upon arriving, they spotted a resting cow and made the sweet decision to let it sleep undisturbed. Nearby, an absolutely adorable pig oinked excitedly each time the girls approached its enclosure. In little compartments above, cages held even more precious baby chicks. The girls wrapped up their day by exploring the bee collection, housed separately from the other animals. They slipped into bee suits and watched as the swarm buzzed gently along the honeycomb.","Two best friends headed to a barnyard petting zoo. They arrived and immediately noticed a resting cow, choosing not to disturb it. Next to the cow was a very cute pig that oinked whenever the girls got close to the cage. Overhead, small compartments contained cages with even cuter baby chicks. The girls finished their day at the bee collection, located in a separate building. They put on bee suits and observed the swarm buzzing along the honeycomb."
i woke up very late today . i was really hungry . i went out to grab some soup . i ordered the biggest bowl of noodles . it was delicious .,"I woke up quite late this morning and was absolutely famished, so I headed out to get some soup. I ordered the largest bowl of noodles available, and it was simply delightful.","I woke up really late today and was starving, so I went out to grab some soup. I got the biggest bowl of noodles they had—it was delicious."
my best friend turned into a farmer ! her name is [female] | so cute ! oink | oink . very friendly . this little chick | tried to cross the road . i was scared of getting stung .,"My best friend became a farmer! Her name is [female], and she's absolutely adorable! Oink, oink. She's incredibly friendly. This little chick tried to cross the road, and I was scared of getting stung.","My best friend turned farmer. Her name's [female]—pretty cute. Oink, oink. Real friendly. That chick tried crossing the road; I was worried about getting stung."
we had a party the other night . my friend got a little crazy . we walked over to the local diner . the boyfriend ordered our food . once we got home i made us even more food .,"We had a party the other evening. My friend got a bit carried away. We strolled over to the neighborhood diner. My partner placed our food order. Once we arrived home, I prepared us even more snacks.","We threw a party the other night. My buddy got a little wild. We headed over to the local diner. The boyfriend got our food. Once we got back, I cooked up even more grub."
the choir singing christmas songs . doing a dance performance . starting the tomato eating contest . eating two to three tomatoes at a time . family singing karaoke together .,"The choir's voices blend beautifully in Christmas carols. They're performing a lovely dance routine. The tomato eating contest begins with participants consuming two or three tomatoes per bite. The family sings karaoke together, creating such heartwarming harmony.",The choir belts out Christmas songs. They execute a sharp dance performance. The tomato eating contest kicks off with competitors downing two to three tomatoes per round. The family tackles karaoke together with full participation.
[male] was all ready to have a bbq at his house . he invited his friends over to eat some good food once they all arrived he immediately started handing out beers and fired up the grill . he made some good hamburgers and gave them some great beers | so everyone had a great time at the bbq .,"He was all set to host a barbecue at his home. He invited his friends over to enjoy some delicious food, and once everyone arrived, he promptly offered them beers and lit the grill. He prepared tasty hamburgers and served them wonderful beers, so everyone had a lovely time at the barbecue.","He was totally prepped to throw a barbecue at his place. He invited his buddies over to chow down on some great food, and as soon as they showed up, he started passing out beers and fired up the grill. He grilled up some solid burgers and handed out some awesome brews, so everyone had a blast at the barbecue."
i wanted to go to a club . i chose this one . seems pretty good . dark in this room but lots of people dancing and having a good time . i had to come outside and get some air | this is a fuzzy picture . someone turn off those lights . much better | lights out . ah | good friends . we had a great time .,"I was really hoping to visit a club, and I decided on this particular one. It seems quite lovely—the room is dimly lit, but there are so many people dancing and enjoying themselves. I needed to step outside for a bit of fresh air. This photo is a bit blurry; could someone please dim those lights? That's much nicer. With the lights off, ah! Such wonderful friends—we had an absolutely delightful time.","I wanted to hit a club, so I picked this one. Seems decent—dark in here, but packed with people dancing and having fun. I had to step out for air. This picture's fuzzy; someone kill those lights. Better. Lights out—ah. Good friends, we had a great time."
this is the restaurant we had our party at . it was beautiful . this is my sister and her new baby . we love them so much ! ! my parents are so happy for their first grandchild . here is my and my cousins . they are so beautiful ! my parents were so surprised for their anniversary party . i hope they enjoy another 30 years together .,"This is the restaurant where we held our party. It was absolutely beautiful! Here's my sister with her new baby—we adore them so much! My parents are thrilled about their first grandchild. This is a photo of me and my cousins; they're so lovely! My parents were completely surprised by their anniversary celebration. I hope they enjoy many more years together, perhaps another thirty.",This is the restaurant we had our party at. It looked great. Here’s my sister and her new baby—we really love them. My parents are very happy about their first grandchild. This is me and my cousins; they look good. My parents were totally surprised by their anniversary party. Hope they get another 30 years together.
the gang was going to have a get together they had planed to eat before the headed to the show after eating they decided to head to the show they enjoyed the show it was great and capped the night off with a friendly fire,"The group was going to have a get-together; they had planned to eat before heading to the show. After their meal, they decided to go to the performance, which they thoroughly enjoyed—it was wonderful and capped off the night with a warm, friendly atmosphere.","The crew was going to meet up; they'd planned to grab a bite before hitting the show. After eating, they headed to the performance, enjoyed it—it was great—and wrapped up the night with a solid, friendly finish."
had a little get together with some friends today . just hanging out and having good food and even better company . the guests just kept pouring in . the wife made this beautiful setup to keep us lighted at night . ca n't forget the campfire ! nice cozy day .,"We had such a lovely little gathering with friends today—just spending time together, enjoying delicious food and even more wonderful company. Guests kept arriving one after another, and my wife created the most beautiful setup to keep us all illuminated through the evening. And of course, we can't forget the campfire! It was such a cozy and heartwarming day.","Had a small get-together with friends today—just hanging out, good food, and even better company. Guests kept showing up steadily. The wife put together a nice setup to keep us lit at night. Can't forget the campfire either. Solid, cozy day."
the costume party started with this guy in a fanny pack . this girl 's costume is dark and sexy . the bar is large and available . there was also plenty of food at the party . the girls [female] hood costume was well done .,The costume party began with a gentleman wearing a fanny pack. This woman's costume is dark and alluring. The bar is spacious and accessible. There was also an abundance of food at the party. The girls' hooded costume was skillfully crafted.,The costume party kicked off with a guy in a fanny pack. This girl's outfit is dark and sharp. The bar is big and open. There was also loads of food at the party. The girls' hood costume was put together well.
this was the best superhero outfit [male] could come up with on short notice . captain camouflage to the rescue . [female] went all out for the team . she 's a little pissed off at [male] 's pathetic attempt though . well | no crime fighting spree should begin sober . this is where our super powers are going to come from - dutch courage . an army does n't march on its stomach and neither should crime fighters and superheroes . let 's eat ! [female] hood girl ? seriously [female] | [female] is already pissed at [male] and this is your outfit ? it 's going to get ugly ...,"This was the most impressive superhero outfit [male] could create with such little time. Captain Camouflage is here to save the day. [female] dedicated so much effort for the team's sake. She's feeling a bit frustrated with [male]'s underwhelming attempt, though. Well, no crime-fighting adventure should start without a bit of liquid courage—this is where our superpowers will emerge. An army doesn't march on an empty stomach, and neither should crime fighters and superheroes. Let's enjoy a meal! [female], my dear? Honestly, [female]—[female] is already upset with [male], and this is the outfit you chose? Things might get a bit tense...","That was the top superhero outfit [male] could throw together on short notice. Captain Camouflage to the rescue. [female] went all out for the team. She's pretty annoyed at [male]'s weak effort though. Well, no crime fighting spree kicks off sober—this is where our super powers come from: dutch courage. An army doesn't march on its stomach and crime fighters shouldn't either. Let's eat! [female] hood girl? Seriously [female]—[female] is already pissed at [male] and this is your outfit? It's going to get ugly."
i went to this promotion event for 888.com . there were some promotion girls that looked like they were straight from a vegas performance . there were actually poker | bridge and other table games going on . here 's another view of the table . i finally got a picture of myself with my mom . we had a lot of fun .,"I attended a promotional event for 888.com where the promotion girls appeared as if they'd just stepped off a Vegas stage. Poker, bridge, and various table games were underway, and here's an additional look at one of the tables. I even managed to snap a photo with my mom—we had an absolutely wonderful time together.","I hit up the 888.com promo event—the promotion girls looked straight out of Vegas. They had poker, bridge, and other table games running. Got another shot of the table. Snagged a pic with my mom too. We had a blast."
a speech was given during the celebration . the evening was festive . the lights shone brightly . the children were happy to celebrate . plenty of food was available .,"A heartfelt speech was shared throughout the celebration. The evening felt wonderfully festive, with lights glowing brightly. The children were absolutely delighted to celebrate, and there was an abundance of delicious food for everyone.","A speech was delivered at the celebration. The evening was festive, and the lights shone bright. The kids were happy to celebrate, with plenty of food available."
she did n't have much to decorate her new apartment with so she hung some socks on the wall . she made a large a with an old pair of suspenders . her friends thought it was a very unique idea . she wrote notes and put them on the hall wall . everyone got a good laugh about those .,"With limited decor for her new apartment, she creatively hung colorful socks on the wall and fashioned a large 'A' using an old pair of suspenders. Her friends adored the uniquely charming idea. She also wrote playful notes and displayed them on the hall wall, which brought cheerful laughter to everyone.","Short on apartment decor, she hung some socks on the wall and formed a large 'A' with an old pair of suspenders. Her friends found it a cleverly unique approach. She put up written notes on the hall wall, and everyone got a solid laugh out of them."
the beers were great in relaxing my friends . we chilled on the couch and watched some television . many of my friends showed up for the event . i told my brother and sister to get a quick picture . in the living room | most of my friends laughed and joked .,"The beers were wonderful for helping my friends relax. We cozied up on the couch and enjoyed some television. Quite a few of my friends came to the event. I asked my brother and sister to snap a quick picture. In the living room, most of my friends shared laughter and jokes.","The beers really helped my friends unwind. We hung out on the couch and caught some television. A lot of my friends made it to the event. I told my brother and sister to grab a quick picture. In the living room, most of my friends laughed and joked around."
today is the little boys birthday . he and friends have gathered to play and celebrate with him . together they are playing in a pit of colorful balloons . a family photo is taken with the birthday boy and his cake . the mom and dad are happy they have made it to another milestone .,"Today is the sweet little boy's birthday, and his dear friends have gathered to play and celebrate with him. Together they're joyfully playing in a colorful balloon pit. A lovely family photo is taken with the birthday boy and his cake. His mom and dad are so happy they've reached this special milestone.",Today is the boy's birthday. He and his friends have gathered to play and celebrate. They're playing together in a pit full of colorful balloons. A family photo is taken with the birthday boy and his cake. The parents are glad they've made it to another milestone.
they loved to watch [male] [male] movies on the projector . their decorations were very interesting . two good friends enjoy some conversation . she 's always the life of the party . the night was drawing near as the friends had all they could drink .,"They adored watching male-led films on the projector. Their decorations were so fascinating. Two close friends cherish a heartfelt conversation. She’s always the one who brings everyone together. As evening approached, the friends had enjoyed all the drinks they desired.",They were into watching male-centric movies on the projector. Their decorations caught the eye. Two buddies have a solid talk. She’s consistently the center of the action. Night was closing in as the friends drank their fill.
the group of men arrived to inspect the power station . they checked all of the instruments at the station . then they inspected the generators . after that they checked the towers and the power lines . since a storm was coming in it was time to go .,"The group of men arrived to inspect the power station, carefully checking all the instruments there. They then inspected the generators and, after that, examined the towers and power lines. With a storm approaching, it was time to leave.","The group of men arrived to inspect the power station. They checked all instruments, inspected the generators, then checked the towers and power lines. A storm was coming in, so they left."
going to camp can be fun except when it 's too hot . [male] got a prize for winning the belching contest . [male] and [female] became boyfriend and girlfriend . and [male] won the award for ruining the most pictures .,"Going to camp can be so much fun, except when it gets way too hot. He received a prize for winning the belching contest. He and she became a couple. And he earned the award for ruining the most pictures.","Camp can be fun, except when it's too hot. He got a prize for winning the belching contest. He and she started dating. And he won the award for ruining the most pictures."
everyone had a great time at the party last week . there was so much commotion in that small apartment . everyone was really happy . we all had a lot to drink . afterwards we got together for some group photos .,"Everyone had such a wonderful time at the party last week! There was so much excitement and laughter in that cozy apartment. Everyone felt truly joyful, and we all enjoyed plenty of drinks. Afterwards, we gathered for some lovely group photos.","Everyone had a great time at the party last week. There was a lot of commotion in that small apartment. Everyone was really happy, and we all drank plenty. Afterwards, we got together for group photos."
we 're having a girl ! ! so exciting ! [female] was so surprised . and the guests start pouring in . her favorite cake | with the whiped cream icing was made . and now to opening presents . this is going to be one spoiled little girl !,"We're having a girl! It's so incredibly exciting! She was completely surprised. Guests began arriving, and her favorite cake with whipped cream icing was prepared. Now it's time for opening presents. This little girl is going to be so cherished!","We're having a girl! It's fantastic news! She was totally caught off guard. Guests started showing up. The cake she likes best, with whipped cream icing, was made. Now for the presents. This girl will be very well taken care of!"
i had a great time with my friends today . we ate lots of ice cream . i drank some juice . it was very delicious juice . afterward we all played together .,"I had such a wonderful time with my friends today! We enjoyed lots of ice cream, and I sipped some juice—it was absolutely delicious. Afterward, we all played together and had so much fun.","Had a great time with my friends today. We ate a lot of ice cream, and I drank some juice—it was really delicious. After that, we all played together."
the new local restaurant . there were so many choices | we did n't know where to start . we did like how the water was served | circular like the table . for an appetizer we had curry and rice . our main meals came and there was so much . the food was delicious . we all had a good time .,"The new local restaurant was absolutely delightful, with so many wonderful choices that we felt a bit overwhelmed deciding where to begin. We adored how the water was served in such a charming circular shape, just like the table. For our appetizer, we enjoyed a lovely curry and rice. When our main meals arrived, the portions were so generous and everything tasted simply delicious. We all had such a lovely time together.","The new local restaurant had a ton of choices, so we weren't sure where to start. We liked that the water was served circular, matching the table. For an appetizer, we got curry and rice. Our main meals came out with huge portions. The food was really good. We all had a great time."
the logo of the restaurant is very clean and sleek . i read the menu with my girlfriend . we decided to get a couple of glasses of the finest alcohol . we waited for our food to be delivered to our table . when our food got there | our table was full of entrees .,"The restaurant's logo is so clean and sleek! I was looking over the menu with my girlfriend, and we chose to enjoy a couple glasses of the finest alcohol. We waited for our food to be brought to our table, and when it arrived, our table was completely filled with entrees.","The restaurant logo is clean and sleek. I read the menu with my girlfriend and we decided to get a couple glasses of the finest alcohol. We waited for our food to be delivered, and when it got there, our table was full of entrees."
[female] was excited to go to location . she loved how the buildings looked and how they felt as though they had so much history to them . she also loved the how there were beautiful churches everywhere . yes | location was her favorite place in the whole world .,"I was so excited to go to the location. I just adored how the buildings looked and how they felt like they had such rich history. I also loved how there were gorgeous churches everywhere. Yes, the location was absolutely my favorite place in the whole world.","I was excited to go to the location. I really liked how the buildings looked and how they felt like they had a lot of history. I also liked how there were impressive churches everywhere. Yes, the location was my favorite place in the world."
the boat sailed across the choppy water . the boat was parked parallel to the boat dock | as it waited for the family to climb aboard . the boat sailed across the sea carrying it 's passengers to safety | before the storm hit . the passengers were carried across the sea by the large boat . the large boat carried it 's passengers to a new island every day .,"The boat sailed across the choppy water, parked parallel to the dock as it waited for the family to climb aboard. It then sailed across the sea, carrying its passengers to safety before the storm arrived. The large boat transported everyone across the water, taking them to a new island each day.","The boat sailed through choppy water, docking parallel to the boat dock while awaiting the family's boarding. It crossed the sea, delivering its passengers to safety ahead of the storm. The large boat ferried the passengers across the sea, reaching a new island daily."
the waterfall was breathtaking . but we soon had to continue or journey down the narrow road . finally we reached the village where we had to ring the large bell to be let in . the villager sent a boy to meet us at the entrance and lead us inside . we were then brought to the path that lead to the sacred park .,"The waterfall was absolutely breathtaking. However, we soon had to continue our journey down the narrow road. We finally reached the village, where we needed to ring the large bell to be let in. A villager sent a boy to meet us at the entrance and lead us inside. We were then brought to the path that led to the sacred park.","The waterfall was breathtaking, but we had to press on down the narrow road. Eventually, we reached the village and had to ring the large bell to get in. A villager dispatched a boy to meet us at the entrance and guide us in. Then, we were taken to the path leading to the sacred park."
[female] showed up for a wild night . before they started they took a group photo . josh was happy to get started . but later he lost his clothes in strip poker . he was down to his undies when lucky for him the game stopped .,"She arrived ready for an exciting evening. Before the festivities began, everyone gathered for a group photo. Josh was thrilled to get the night underway. Later on, he ended up losing his garments during a game of strip poker. He was left in just his underwear when, fortunately for him, the game came to an end.","She came prepared for a wild night. Before kicking things off, they snapped a group photo. Josh was pumped to get started. But later he got cleaned out in strip poker. He was down to his underwear when luckily the game stopped."
the ride to the temple offered beautiful sights | too . but once we got past the waterfalls | it was a straight road ahead . the bell was so much bigger than i 'd expected it . the temple itself was large too and very beautiful . one last look reminded me how much work had gone into the walkway .,"The journey to the temple provided such lovely scenery as well. Yet after we passed the waterfalls, the road stretched straight ahead. The bell was far larger than I had imagined. The temple itself was also quite spacious and truly gorgeous. One final glance brought to mind all the effort that had gone into creating the walkway.","The ride to the temple had great views too. Once we cleared the waterfalls, the road ran straight. The bell was way bigger than expected. The temple was large and impressive. A last look showed how much work went into the walkway."
we made christmas cookies to share with the neighbors . mom had lots of cookie cutters so we made several different shapes . here are more traditional gingerbread ones . here are some odds and ends like a toy soldier . mom had all we needed to ice them and make them look pretty .,"We baked Christmas cookies to share with our neighbors. Mom had an abundance of cookie cutters, so we created a variety of shapes. Here are more traditional gingerbread ones, and here are some fun odds and ends like a toy soldier. Mom provided everything we needed to ice them and make them look absolutely lovely.","We made Christmas cookies to share with the neighbors. Mom had plenty of cookie cutters, so we made several different shapes. Here are the more traditional gingerbread ones, and here are some assorted pieces like a toy soldier. Mom had all the supplies to ice them and make them look good."
our rabbi gave a big speech today . all the listeners were entranced by his words . he lit the torch on fire . then carried it around the city . people kept coming up to him and lighting up their own sticks .,"Our rabbi delivered a beautiful speech today. Everyone listening was completely captivated by his words. He lit the torch with a gentle flame, then carried it gracefully through the city. People kept approaching him, each lighting their own stick from his.","Our rabbi gave a powerful speech today. All the listeners were gripped by his words. He lit the torch ablaze, then carried it decisively around the city. People kept coming up to him, lighting their own sticks from it."
went to moms today | it was a long flight | but she had amazing food when we arrived . she had made flower arrangements from fruit | such a clever idea . the little one taking it all in | she seemed to love it . we all was able to catch up on old times . as we were leaving | she said `` we 'll keep the lights on for you . '',"I visited my mom today—it was such a long flight, but she had the most amazing food ready when we arrived. She created these lovely flower arrangements out of fruit; it was such a clever and thoughtful idea. The little one was just soaking it all in; she seemed to absolutely adore it. We all got to catch up on old times together. As we were leaving, she said, ""We'll keep the lights on for you.""","Went to mom's today—long flight, but she had amazing food ready when we got there. She made flower arrangements from fruit; clever idea. The little one took it all in; she clearly loved it. We all caught up on old times. Leaving, she said, ""We'll keep the lights on for you."""
when families get together | they like to share a meal . even the youngest family members know that large family gatherings include lots of food and attention . it 's the perfect time for the youngsters in the family to bond with older family members . it 's also a time for adolescents and teens to share what has been happening in their lives and receive feedback from a variety of relatives . it 's love that makes a family and creates a home .,"When families come together, they truly cherish sharing a meal. Even the littlest ones understand that big family gatherings involve plenty of food and loving attention. It's such a lovely opportunity for the younger family members to connect with their elders. It's also a moment for teens and adolescents to open up about their experiences and get supportive input from various relatives. It's the warmth of love that truly makes a family and builds a home.","When families gather, they enjoy sharing a meal. Even the youngest members know large family get-togethers involve abundant food and focused attention. It's an ideal time for younger relatives to bond with older ones. It's also when adolescents and teens can discuss what's going on in their lives and get feedback from multiple relatives. It's love that forms a family and establishes a home."
the friends gathered in one apartment to celebrate the passover holiday together . it was a thirsty group | so one friend topped of another 's wine . everybody was enjoying the celebration | and smiles were abundant . one of the friends was just a little too camera shy after getting tipsy . the spirit of the holiday was not forgotten | and all of the symbols of seder plate were represented .,"The friends gathered in an apartment to celebrate the Passover holiday together. They were a rather thirsty group, so one friend kindly topped off another's wine. Everyone was thoroughly enjoying the celebration, and smiles were plentiful. One friend became just a bit camera shy after feeling tipsy. The spirit of the holiday was certainly not forgotten, and all the symbols on the Seder plate were beautifully represented.","The friends gathered at an apartment to celebrate Passover together. It was a thirsty crowd, so one friend topped off another's wine. Everyone enjoyed the celebration, and smiles were everywhere. One friend got a little too camera shy after drinking. The holiday's spirit remained clear, and all Seder plate symbols were present."
when told us his wedding was casual | i was not expecting it to be like this . we all sat on the floor and watched the ceremony . we stayed seated for a long time because there was no music to dance to . the food was a weird vegan creation . we ate seeds and tap water .,"When he told us his wedding would be casual, I wasn't expecting it to be quite like this. We all sat on the floor to watch the ceremony, and we stayed seated for a long time since there was no music for dancing. The food was a peculiar vegan dish; we ate seeds and drank tap water.","He said the wedding was casual, but I didn't expect this. We sat on the floor for the ceremony and stayed seated—no music to dance to. The food was a strange vegan thing: seeds and tap water."
sometimes the best weddings are informal expressions of love . our friends attended | but in relaxed clothes | so everyone could enjoy themselves . pretty comes from happiness and fun | a joyful face and favorite dress . we shared food and drink to celebrate . we all felt so close | like i was holding meaning in the palm of my hand .,"Sometimes the most beautiful weddings are those informal celebrations of love. Our friends joined us wearing comfortable clothes, so everyone could truly relax and enjoy themselves. Real beauty blossoms from shared happiness and fun—a radiant smile and a cherished outfit. We celebrated by sharing food and drinks together, and we all felt incredibly connected, as if I was cradling deep meaning right in my palm.","Sometimes the best weddings are just informal expressions of love. Our friends showed up in casual clothes, so everyone could kick back and have a good time. Real appeal comes from pure enjoyment and a good vibe—a happy face and a go-to outfit. We passed around food and drinks to mark the occasion, and we all felt tight, like I had something meaningful right in my grasp."
always keeping it classy . no time for sleep | the night is still young . nothing wrong with getting a little weird . nothing wrong with getting a little crazy either . always impressed by the turnout at these parties .,"Always maintaining such elegance. The night remains far from over—sleep can wait. There's absolutely nothing wrong with embracing a touch of whimsy, nor a bit of spirited fun. I'm consistently delighted by the wonderful turnout at these gatherings.","Always keeping it classy. The night's still young—no time for sleep. Nothing wrong with getting a little weird, nothing wrong with getting a little crazy. Always impressed by the turnout at these parties."
[female] sat at her desk | talking to her cat laying on the ground . `` pepper | what are you doing ? '' `` you playing over there ? '' her husband looked over at her | laughing at [female] talking to the cat . [female] 's sister called from the kitchen `` you glad you married this crazy ? '',"She sat at her desk, chatting with her cat curled up on the floor. ""Pepper, what are you up to?"" she murmured sweetly. ""Are you playing over there?"" Her husband glanced her way, smiling warmly as she spoke to the cat. From the kitchen, her sister called out, ""Aren't you thrilled you married such a whimsical soul?""","She sat at her desk, talking to her cat lying on the floor. ""Pepper, what are you doing?"" she asked directly. ""You playing over there?"" Her husband looked over and chuckled at her chatting with the cat. Her sister called from the kitchen, ""You happy you married this nut?"""
the family came with me to take a trip down the river to watch a performance . there was a lot of cool sights to be seen . amazing art work passed us by as we snapped photos . the architecture was truly impressive . arriving at the performance we were all really happy and excited .,"My family joined me for a river trip to see a performance. We enjoyed so many beautiful sights along the way, with incredible artwork drifting past as we took photos. The architecture was absolutely stunning, and when we arrived for the show, we were all just thrilled and excited.","I took a river trip with my family to catch a performance. We saw plenty of impressive sights, passing amazing artwork while snapping photos. The architecture was truly remarkable. Arriving for the performance, we were all pumped and happy."
today we went to a pc gaming convention . there where lots of booths there . we saw lots of computers . we also saw lots of laptops . it was a very fun time .,"Today we went to a PC gaming convention, and there were so many wonderful booths! We saw countless computers and also spotted so many laptops—it was such a fun time.",Today we went to a PC gaming convention with plenty of booths. We saw a lot of computers and laptops—it was a very fun time.
the bumper car was fast and swift . i took a picture with my family after the ride . they caught a good picture of me smiling . the theme park was really interesting . my favorite part was the ride that was somewhat like a ski lift .,"The bumper car felt so fast and swift! I snapped a picture with my family afterward, and they got such a lovely shot of me smiling. The theme park was absolutely fascinating—my favorite part was that ride that reminded me a bit of a ski lift.",The bumper car was fast and swift. I got a picture with my family after the ride; they captured a solid shot of me smiling. The theme park was highly interesting—my favorite part was the ride that resembled a ski lift.
in this time of the season | most of nature 's colors are warm . i found this lovely green flower next to my home . there was also a very interesting flower i have never seen . the butterflies were out tasting the buds . i also saw this really large worm .,"In this beautiful season, nature's palette is filled with warm hues. I discovered this charming green flower right by my home, along with a fascinating blossom I'd never encountered before. Butterflies were fluttering about, sipping nectar from the buds, and I also spotted a rather large worm nearby.","During this season, most of nature's colors are warm. I came across a nice green flower near my home and noticed another interesting flower I hadn't seen before. Butterflies were out sampling the buds, and I also saw a pretty big worm."
while on a hike i encountered a tree with a red paper like bark . it was much complimented by the green leaves of the plants around it . close by blue berries were ready to be picked . while a butterfly sipped nectar without a care in the world . and a millipede crawled on the moist ground looking for its next prey .,"While hiking, I came across a tree with beautiful red, papery bark. It was so beautifully complemented by the lush green leaves of the surrounding plants. Nearby, plump blueberries were ripe and ready for picking. A butterfly sipped nectar, completely carefree, while a millipede crawled across the damp ground in search of its next meal.","On a hike, I spotted a tree with red, paper-like bark. It was well set off by the green foliage around it. Blueberries grew nearby, ripe for picking. A butterfly drank nectar unconcerned, and a millipede crawled over the moist ground hunting its prey."
we arrived at the wedding right on time . we walked up and they were just coming down the aisle . they said there vows and it was official . we all clapped and celebrated . they left on their honeymoon and everyone went home .,"We arrived at the wedding exactly on time. As we walked up, they were just coming down the aisle. They said their vows, and it became official. We all clapped and celebrated together. They left for their honeymoon, and everyone headed home.",We got to the wedding right on time. We walked up as they were coming down the aisle. They said their vows and it was official. We all clapped and celebrated. They took off on their honeymoon and everyone went home.
a group of environmentalists volunteered to help the small town . they would repair the sidewalks . plant trees . they were committed to helping . the entire group got a lot of satisfaction from working with the people of the small town .,"A group of environmentalists volunteered to help the small town, repairing sidewalks and planting trees. They felt deeply committed to assisting and the entire group found great satisfaction in working alongside the community.","A group of environmentalists volunteered to help the small town by repairing sidewalks and planting trees. They were committed to the effort, and the whole group derived substantial satisfaction from working with the town's residents."
the crew gathered at the facility in the morning . they begin setting up with the original plan . our location was near a small lake . we also planted a small amount of vegetation around our building . outside | we cooperated and executed .,"The crew gathered at the facility in the morning, and they began setting up according to the original plan. Our location was near a small lake, and we also planted a little vegetation around our building. Outside, we worked together cooperatively and carried everything out smoothly.","The crew assembled at the facility in the morning and initiated setup per the original plan. Our location was adjacent to a small lake. We also planted minimal vegetation around our building. Outside, we coordinated and executed efficiently."
touring location for our vacation . glad to get the photo with the location . the statues were best . the blooms are not there yet . the organization memorial was awesome .,"We're so thrilled to be touring this vacation spot—I absolutely loved getting a photo here! The statues were just beautiful, and although the blooms haven't appeared yet, the organization memorial was truly amazing.","Great touring this vacation location—got a solid photo of the spot. The statues were the highlight. Blooms aren’t in yet, but the organization memorial was impressive."
walking along a quiet trail is a great way to see the many treasures that mother nature gives us . there are beautiful flowers growing high up on tree trunks . the flowers dress themselves in lots of different colors . but the colors of the flowers are not the only wonders | these leaves look soft and leathery . the treasures of mother nature come in many colors | textures and unique shapes !,"Strolling along a serene trail offers a wonderful opportunity to admire the countless treasures that nature lovingly provides. Exquisite flowers bloom high upon tree trunks, adorning themselves in a vibrant array of hues. Yet the blossoms' colors aren't the only marvels—these leaves appear wonderfully soft and supple. Nature's gifts truly showcase an incredible spectrum of colors, textures, and distinctive forms!","Hiking a quiet trail reveals nature's impressive treasures with striking clarity. Hardy flowers grow high on tree trunks, displaying strong coloration across the spectrum. But color isn't the only feature—these leaves show tough, leathery texture. Nature's bounty demonstrates remarkable variation in color, texture, and distinct shapes."
after the renovation | the address of this building will begin with 818 . also | a fence is necessary for protection . the removal of this music box will be necessary to rebuild . this vehicle is for traveling for supplies while renovating . this bicycle is needing several new parts for operation .,"Following the renovation, this building's address will start with 818. Additionally, a fence is essential for protection. The music box must be removed to allow for the rebuilding. This vehicle is for traveling to get supplies during the renovation. This bicycle requires several new parts to operate properly.","After renovation, the building's address will begin with 818. Also, a fence is needed for protection. Removing the music box is necessary to rebuild. The vehicle is for traveling for supplies while renovating. The bicycle needs several new parts for operation."
i took all my dogs on the trip . i needed them for my sled . they were all very excited . i fed them and then i hooked them up to my sled . it was time to get to work .,"I brought all my dogs along on the trip since I needed them for my sled. They were absolutely thrilled! After feeding them, I got them all harnessed to the sled—it was time to get to work.","I took all the dogs on the trip for the sled. They were pumped. I fed them, hooked them up, and got ready to work."
i went on a road trip last week . i stopped by a small town . i had to get gas . there were not many people out . some of the houses were very big .,"I took a road trip last week and stopped in a small town to get gas. It was so quiet, with hardly anyone around, and some of the houses were absolutely huge!","Last week, I drove on a road trip and pulled into a small town for gas. Not many people were out, and some houses were really big."
the lowenbrau building had many interesting characters . the hamburger was take a little too literally here . the building was lit up beautifully with the decor . th pink display fit in perfect at the fair . the swinging ride was lit up beautifully at night .,The Lowenbrau building showcased many fascinating characters. The hamburger concept was interpreted quite literally here. The structure was beautifully illuminated by the decor. The pink display blended in perfectly at the fair. The swinging ride was gorgeously lit up after dark.,The Lowenbrau building featured many interesting characters. The hamburger was taken too literally here. The building was lit up sharply with the decor. The pink display fit perfectly at the fair. The swinging ride was brightly illuminated at night.
we went to the harbor in the afternoon . we saw some cool looking matching costumes for the 4th that day . they had a plane doing sky writing . the plane drew a heart . we saw some balloons that got stuck in the trees .,We strolled to the harbor in the afternoon and spotted some adorable matching costumes for the Fourth that day. A plane was doing sky writing and drew a sweet little heart. We also noticed some balloons that had gotten caught in the trees.,We headed to the harbor in the afternoon and saw some sharp matching costumes for the Fourth that day. A plane was doing sky writing and drew a heart. We spotted some balloons that got stuck in the trees.
i went to the car show last weekend . there were a lot of custom cars there . some of them were very fast . they were really expensive . i had a great time there .,"I visited the car show over the weekend, and it was absolutely wonderful! There were so many beautifully customized cars on display—some were incredibly fast, and they all looked so luxurious and pricey. I truly had a fantastic time there.",I hit the car show last weekend. Tons of custom builds there—some seriously fast ones. They were all high-priced. Had a great time.
welcome to the organization stock car show here 's the five cars . this is the pride and joy | the organization this is the primary owner . and here we go racing around .,"Welcome to the organization's stock car show! Here are the five cars. This is our pride and joy—it belongs to the organization and is the primary owner. And now, let's go racing around!",Welcome to the organization stock car show. Here are the five cars. This is the pride and joy of the organization; it's the primary owner. Now we go racing.
[male] loved the ducks . he was having a great time at the zoo . the elephants were so big . the took off running . there was a lion .,"He adored the ducks, having such a wonderful time at the zoo. The elephants were absolutely enormous, and he started running. There was a lion there too.",He loved the ducks and had a great time at the zoo. The elephants were huge. He took off running. There was a lion.
today we went to the ice race track . we had so much fun trying different kinds of car . my favorite one was the black coupe . [male] loved every single car . we did spins and had a lot of fun .,"Today, we went to the ice race track and had such a wonderful time trying out all the different cars. My absolute favorite was the black coupe—it was just so much fun. [male] adored every single car we drove. We did spins and had an absolutely amazing day.",Today we hit the ice race track and had a blast testing various cars. The black coupe was my top pick. [male] loved every car we tried. We did spins and had a great time.
our annual costume party was a great hit and we took a lot of pictures starting with this one . there were so many creative outfits out there | and i think i found the best group costume . chess board and pieces ! or if you 're a vegas fan | this one is also a winner . some people did n't want to put much effort | so they chose a simple animal dress up . and others went all out with props and innocent stuffed animals . we had such a great time !,"Our annual costume party was such a wonderful success, and we captured so many lovely photos beginning with this one. There were countless imaginative outfits on display, and I truly believe I discovered the most delightful group costume—a chess board and pieces! Or if you adore Vegas, this one is an absolute charmer too. Some guests preferred keeping it effortless with sweet animal costumes, while others went all out with playful props and adorable stuffed animals. We had the most marvelous time!","Our annual costume party was a huge success, and we got a ton of photos starting with this one. There were loads of creative outfits, and I’m convinced I found the best group costume—a chess board and pieces. Or if you’re into Vegas, this one’s a winner too. Some people kept it simple with basic animal costumes, while others went all out with props and even stuffed animals. We had an awesome time!"
driving over to the fundraiser through a tunnel . at the fundraiser there are a lot of activities for people to do . there are wooden stations set up . there are games and platforms arranged for participants . it was nighttime during the fundraiser .,"Driving through the tunnel to get to the fundraiser, where lots of fun activities awaited everyone. Wooden stations were set up, with games and platforms arranged for all the participants to enjoy under the nighttime sky.","Drove through the tunnel to the fundraiser, which had numerous activities set up. Wooden stations were arranged with games and platforms for participants, all taking place at night."
i was prepared for the 10k run . i quickly went to registration and signed in ... and | walked outside and received my number . and | we were off to the races . i finished in tenth place .,"I was fully prepared for the 10K run. I headed straight to registration to sign in, then walked outside to collect my number. We were off to the races, and I ended up finishing in tenth place.","I was ready for the 10K run. I went to registration and signed in fast, then got my number outside. We started the race, and I took tenth place."
[male] getting ready to fly through the racecourse . [male] posing for a picture before the race . a local television crew interviews [male] 's mother before the race . the racers mingling about before the starting gun . [male] finally getting a chance to speak to the camera .,He's preparing to speed through the racecourse. He poses for a photo before the race. A local television crew interviews his mother prior to the event. The racers are mingling together before the starting gun fires. He finally gets an opportunity to speak to the camera.,He's getting set to blast through the racecourse. He's posing for a shot before the race. A local TV crew interviews his mom before the event. The racers are hanging out before the starting gun. He finally gets to talk to the camera.
our city hosted the high school soccer championships . it was a fierce fight until the end . people played with their best effort . sometimes the rivalries between schools was intense . the matches were fair and the best school won .,"Our city hosted the high school soccer championships, which were a thrilling and hard-fought competition right up to the end. Everyone played with such heart and dedication! At times, the school rivalries felt really intense, yet all matches stayed fair, and the most deserving school emerged as the winner.","Our city hosted the high school soccer championships—a fierce battle that went down to the final moments. Players gave their absolute best effort. The school rivalries were intense at times, but the matches remained fair, and the top school won."
the day was really hot as the trick riders treated the crowd to a thrilling time . one rider showed an entirely new trick which quickly caught on and was copied by other participants . the world champion loved the new trick so much . judges looked on and quickly tallied the points . the winners changed into their swimsuits and celebrated their victories .,The day felt absolutely sweltering as the trick riders delighted the crowd with such an exhilarating show. One rider introduced a completely new trick that swiftly became popular and was adopted by other participants. The world champion adored the new trick immensely. Judges observed attentively and promptly tallied the scores. The winners changed into their swimsuits and joyfully celebrated their victories.,The day was intensely hot as the trick riders delivered a thrilling performance for the crowd. One rider unveiled a brand new trick that quickly gained traction and was replicated by others. The world champion was thoroughly impressed with the new trick. Judges watched closely and efficiently tallied the points. The winners changed into their swimsuits and celebrated their wins.
my company had a road race everyone got together to raise money new friendships were made people got their numbers high fives were given,"My company organized a road race where everyone came together to raise funds, new friendships blossomed, people achieved their goals, and high fives were shared warmly.","My company held a road race; everyone rallied to raise money, forged new connections, hit their targets, and exchanged high fives."
the architecture is incredible in location location the skyline is beautiful there are amazing cars everywhere but its all about the skyline the seaport is where you want to be,"The architecture is absolutely incredible in this location; the skyline is so beautiful! There are amazing cars everywhere, but honestly, it's all about that stunning skyline—the seaport is definitely where you want to be.","The architecture is incredible in this location; the skyline is impressive. There are amazing cars everywhere, but the focus is on the skyline—the seaport is the place to be."
i was loved the basketball tournament ! each of us had a temporary tattoo painted on our hands ! those cartoons the artist drew of us were hilarious . i even got one of the players to sign my poster ! they had some great t-shirts at the basketball tournament as well ! i bought one !,"I absolutely loved the basketball tournament! We all had temporary tattoos painted on our hands, and the cartoons the artist drew of us were so hilarious. I even got one of the players to sign my poster! They had such great t-shirts at the basketball tournament too—I bought one!","I really enjoyed the basketball tournament. We all got temporary tattoos on our hands, and the cartoons the artist did for us were hilarious. I managed to get one of the players to sign my poster. They had some cool t-shirts there as well, so I bought one."
we were all happy to be at the [female] bowl game . the fans were very lively | cheering on their home team . the coach looked on as his team got closer to the end zone . the tackles were aggressive as each team did their best to win . the cheerleaders did their best to keep the crowd in the game .,"We were all delighted to be at the [female] bowl game. The fans were so energetic, cheering passionately for their home team. The coach watched intently as his team moved closer to the end zone. The tackles were fierce as each team gave their all to win. The cheerleaders worked hard to keep the crowd engaged and spirited.","We were all pumped to be at the [female] bowl game. The fans were fired up, loudly backing their home team. The coach observed as his team advanced toward the end zone. The tackles were aggressive as each team fought to win. The cheerleaders pushed to keep the crowd in the game."
the crew was setting up . the ticket master was taking money . parking was getting tight . the vendors sold their food . finally the event could start .,"The crew was getting everything arranged. The ticket master handled the payments. Parking was becoming limited. The vendors served their delicious food. At last, the event was ready to begin.","The crew prepared the setup. The ticket master collected payments. Parking filled up quickly. The vendors distributed food. Finally, the event could commence."
many people attended the celebration of the hometown team winning . one man tries to rile up the crowd while wearing his favorite player 's jersey . people started dancing when the team scored the last point in regulation . the owner speaks to the crowd about the team 's accomplishments . thousands look on as people rushed to center court .,"So many wonderful people gathered to celebrate our hometown team's victory! One enthusiastic fan wearing his favorite player's jersey was cheering and getting the crowd all excited. When the team scored that final point, everyone just started dancing with joy. The owner then spoke to everyone about all the amazing things the team has accomplished. Thousands watched as people rushed onto center court, sharing in the happiness together.","A huge crowd turned out for the hometown team's championship celebration. One guy in his player's jersey worked to fire up the fans. When the team clinched it with the last score, people immediately started dancing. The owner addressed the crowd detailing the team's achievements. Thousands looked on as fans stormed center court."
me and my brother went on the national mile run my co workers also came out all the girls came out to run as well they had great judges as well we all had a great time,"My brother and I participated in the national mile run, and my coworkers also came out; all the girls joined to run as well. They had wonderful judges, and we all had an absolutely lovely time.","My brother and I ran the national mile; my coworkers showed up too, and all the girls came out to run. They had solid judges, and we all had a great time."
it was finally time for the fireworks display to begin . there were large red fireworks in the sky . then there were blue ones that went up . after that | they had blue and white fireworks in the sky . at the end | they had fireworks of many different colors in the sky .,"It was finally time for the fireworks to begin. Gorgeous red fireworks burst in the sky, followed by beautiful blue ones soaring upward. After that, stunning blue and white fireworks lit up the sky. At the end, a breathtaking array of fireworks in many different colors filled the sky.","The fireworks display finally started. Large red fireworks exploded overhead, then blue ones shot up. After that, blue and white fireworks burst in the sky. At the end, fireworks of many different colors filled the air."
the band performs with great dedication for the eager audience . the drummer is really into the groove now . [male] sings that one hit we all know and love . [male] pours his heart into the guitar solo . he gives an emotional speech to the audience | in thanks for the opportunity .,The band performs with deep dedication for their enthusiastic audience. The drummer is completely absorbed in the groove now. [Male] sings that beloved hit we all cherish. [Male] pours his soul into the guitar solo. He gives a heartfelt speech to the audience in gratitude for the opportunity.,The band delivers a dedicated performance for the eager audience. The drummer locks into the groove powerfully. [Male] belts out that hit everyone knows. [Male] rips an emotional guitar solo. He gives a passionate speech to the crowd thanking them for the opportunity.
the concert last week was awesome . i had a great time . the drummer was very good . the singer was not that good . everyone thought the guitarist was great . the band played for a while until early morning .,"The concert last week was absolutely amazing! I had such a wonderful time. The drummer was really fantastic, and the guitarist was so impressive—everyone thought he was great. The singer wasn't quite as strong, though. The band played all the way into the early morning hours.","The concert last week was awesome. I had a great time. The drummer was very good, and the guitarist was great—everyone thought so. The singer wasn't that good. The band played until early morning."
the racers happily pose for a photo . this racer answers questions in an interview . interviews happen after races to get their perspective on the events after a long race | the racers will check their phones to catch up . the racecars are lined up .,"The racers joyfully gather for a photo. This racer responds to interview questions, sharing her perspective on the events after the lengthy race. Interviews occur post-race to capture their reflections. The racers check their phones to reconnect. The racecars are neatly aligned.",The racers happily pose for a photo. This racer answers questions in an interview. Interviews happen after races to get their take on the events following a long race. The racers check their phones to catch up. The racecars are lined up.
today was i went to a classic car show . they had so many generations of cars there . the first thing i noticed was how nice and clean all the cars looked . even the rims were sparkling . the second thing i oticed was how nice the insides of the cars were . they did not even look like they were from the past . a cop showed up half way thru the show . just in case anyone got too rowdy . my favorite car was the pretty red one i seen at the end . it looked likemsowthing [male] bond would have drove .,"Today I went to a classic car show, and there were so many generations of cars there. The first thing I noticed was how lovely and pristine all the cars looked—even the rims were sparkling. Next, I saw how beautiful the interiors were; they didn’t even seem like they were from the past. A police officer came by halfway through the show, just in case anyone got too rowdy. My favorite car was the gorgeous red one I saw at the end—it looked like something James Bond would have driven.","Today I went to a classic car show with tons of car generations. Right away I noticed how clean and sharp all the cars looked, rims gleaming. Next, the interiors stood out—they looked modern, not old. A cop showed up mid-show to keep things under control. My top pick was the slick red car at the end; it looked like something James Bond would’ve driven."
the governor came out to the ping pong tournament he talked to the players and even posed with them they taught him some tips then the games began,"The governor visited the ping pong tournament, chatting with the players and posing for photos together. They shared some tips with him before the games got underway.","The governor showed up at the ping pong tournament, talked with the players, and took pictures. They gave him pointers, then the matches started."
we went to meet sainburys . they were very welcoming . we all took a picture together . we even played ping pong ! it was so fun !,"We went to meet Sainburys, and they were incredibly welcoming. We all took a picture together and even played ping pong—it was absolutely delightful!","We met with Sainburys, who were very welcoming. We took a group photo and played ping pong—it was a lot of fun."
we had a lot of fun at the festival . several friends and i went along with our families . my best friend took her daughter | and i must have taken a dozen pictures of just the two of them . we all stopped and listened to a local band play | and it was neat to see someone we casually know playing the drums in front of such a large crowd . we then went and tried some other activities out . the kids had a blast with the sports part of it . to end the day | my son was able to sing all of us a song | and i am so glad i was able to record it !,"We had an absolutely wonderful time at the festival! My closest friend and I went with our families, and I ended up taking so many sweet photos of her and her daughter. We paused to enjoy a local band's performance, and it was really special to see someone we know playing drums for the crowd. Later, we explored other activities, and the children were thrilled with the sports section. To wrap up the day, my son sang a song for everyone—I'm just overjoyed that I captured it on video!","We had a great time at the festival. A few friends and I brought our families along, and I snapped about a dozen shots of my best friend and her daughter. We checked out a local band, and it was cool to see an acquaintance on drums in front of a big audience. After that, we tried some other activities; the kids really enjoyed the sports area. To finish, my son sang a song for the group—I’m glad I got it on recording."
me and my boyfriend were excited for the st. [male] 's day party at the pub . the bouncer looked silly . the bar was packed . my brother came | looking like a fool . the bar owner dyed his beard and painted his fingernails green .,"My boyfriend and I were so excited for the St. Patrick's Day party at the pub. The bouncer looked quite silly, and the bar was absolutely packed. My brother arrived looking rather foolish. The bar owner had dyed his beard and painted his fingernails green.",My boyfriend and I were pumped for the St. Patrick's Day party at the pub. The bouncer looked ridiculous. The bar was packed. My brother showed up looking like a fool. The bar owner dyed his beard and painted his nails green.
[male] remembers the time he used to live with his mother . here he is on his mother 's sofa couch . bobbies aunt flo | and uncle [male] used to come by there all the time . now [male] is on his own and has his own apartment . his girlfriend [female] is always with him . [male] even hangs in front of his place with his friends everyday and does n't haft to worry about his mother having any problems with his company . [male] and his girlfriend [female] go to the beach and have a good time . [male] has no curfew now that he has his own place .,"He fondly recalls the days of living with his mother, pictured here on her sofa. His aunt Flo and uncle would visit often. Now enjoying independence in his own apartment, his girlfriend is constantly by his side. Daily, he socializes with friends outside his home without concern for his mother's comfort. He and his girlfriend delight in beach outings together, and with his own space, he no longer faces a curfew.","He remembers living with his mom, right there on her couch. His aunt Flo and uncle used to stop by all the time. Now he's on his own with his apartment. His girlfriend is always around. He hangs with his crew in front of his place every day—no worries about his mom having issues with his friends. He and his girlfriend hit the beach and have a blast. No curfew now that he's got his own spot."
i had a lot to drink on organization organization 's day . there was a lot of beer being served at the bar . i ate a huge plate of food . i had a few glasses . i went back to work later .,"I enjoyed quite a few drinks at the organization's celebration. There was an abundance of beer available at the bar, and I savored a generous plate of food. I had several glasses before returning to work afterward.","I downed a good amount at the organization's day. Plenty of beer was flowing at the bar. I polished off a huge plate of food, had a few glasses, then headed back to work later."
jamming out on the acoustic guitar . a unique and eclectic band lays it down . playing the keys and giving the band some flair ripping a fantastic guitar solo guitar | vocals | and harmonica by a talented musician .,"Delicately strumming the acoustic guitar, a wonderfully unique and eclectic band performs with grace. Playing the keys adds a lovely touch of flair, while an impressive guitar solo shines through. A gifted musician showcases vocals, guitar, and harmonica beautifully.","Ripping on the acoustic guitar, a solid and eclectic band delivers the sound. Pounding the keys and driving the band with force, a killer guitar solo takes charge. A skilled musician handles guitar, vocals, and harmonica with precision."
it is organization organization 's day and everyone is excited about the parade . the mascot walks down the street leading the parade . a group of young band members play their instruments . the sides of the street are crowded . small souvenirs are sold along the road .,"It's the organization's special day, and everyone is absolutely thrilled about the parade! The adorable mascot walks down the street, leading the lively procession. A group of young band members play their instruments joyfully. The sides of the street are bustling with excited crowds, and charming little souvenirs are being sold along the road.",It's the organization's day and everyone is pumped for the parade. The mascot leads the procession down the street. A band of young musicians plays their instruments. Crowds pack the sidewalks. Souvenirs are sold along the route.
today i went to radio shack to protest unfair use of electronics . many men stood up screaming demands . we all listened to them . some rambled on and some had great focus points . we marched down the street to rally up more people . i came upon a organization sign and it reminded me of hotdogs and i got hungry so i skipped out on the rally and went to the stadium to eat !,"Today I visited RadioShack to stand against unfair electronics practices. Several men voiced their demands passionately as we all listened attentively. Some spoke at length while others made focused, compelling arguments. We then marched together down the street to gather more supporters. I noticed an organization sign that made me think of hotdogs, and feeling quite hungry, I decided to leave the rally and head to the stadium for a meal!","Today I went to RadioShack to protest unfair electronics use. A number of men stood up shouting demands, and we all heard them out. Some rambled while others had sharp, focused points. We marched down the street to rally more people. I came across an organization sign that reminded me of hotdogs, got hungry, and bailed on the rally to grab food at the stadium."
at the party everyone had brought their guitars . they played all the songs that they knew . the family sat and listened to the play . then everyone sat and shared stories with each other . after that the kids sat to play video games .,"Everyone brought their guitars to the party and played all the songs they knew. The family sat listening to the music, then everyone shared stories with each other. Afterward, the kids played video games together.","At the party, everyone had their guitars and played every song they knew. The family sat and listened, then everyone shared stories. After that, the kids got together to play video games."
today we tried to bake bread . we used a variety of ingredients . mostly from location though . we dropped in some pumpkin for flavor . the result was a success !,"Today, we tried baking bread using a variety of ingredients, mostly sourced from local places. We added a bit of pumpkin for flavor, and the result turned out wonderfully!","Today, we baked bread with a mix of ingredients, mostly local. We threw in some pumpkin for flavor—the result was a success."
[female] and [male] were headed out to see a football game . they both were against each other but did n't care who won . [female] poses for pictures in pretend uniforms . [male] poses for his favorite team as well in the fake uniform . they sit down and watch an awesome game .,"[Female] and [male] headed out to see a football game together. Even though they supported opposing teams, they didn't mind who ended up winning. [Female] strikes a pose in some playful pretend uniforms. [Male] also poses proudly in his favorite team's fake uniform. They settle in and enjoy a really awesome game.",[Female] and [male] went to a football game. They backed different teams but didn't care about the outcome. [Female] posed in mock uniforms. [Male] also posed in a fake uniform for his team. They sat down and watched a great game.
at the chargers game today . we have awesome seats as you can see . the cheerleders are so hot | i just wish we had closer seats for this routine . ca n't watch cheerleaders all day i guess . [male] rivers is right on the money as always . he 's been throwing that outside pass all day . i 'm a little excited about the outcome of this game . so is my best friend [male] . this is why . looks like we 're off to a good start this year .,"At the Chargers game today—we have such awesome seats, as you can see! The cheerleaders are so impressive; I just wish we were closer for this routine. But I suppose I can't watch the cheerleaders all day. [Male] Rivers is right on the money, as always. He's been throwing that outside pass all day. I'm really excited about how this game is turning out. So is my best friend [male]. This is why. It looks like we're off to a great start this year.","At the Chargers game today. We've got awesome seats, as you can see. The cheerleaders are really hot; just wish we had closer seats for this routine. Can't watch cheerleaders all day, I guess. [Male] Rivers is right on the money as always. He's been hitting that outside pass all day. I'm pumped about the outcome of this game. So is my best friend [male]. This is why. Looks like we're off to a strong start this year."
my family and friends gathered for a dinner . the place was very crowded . we had made gravy for the turkey . my dad was carving it up . we were all very excited to eat the food .,"My family and friends all gathered together for dinner. The space felt so warm and bustling with everyone there. We had prepared a delicious gravy for the turkey, and my dad was carefully carving it. We were all absolutely thrilled to finally enjoy the meal.",My family and friends met up for dinner. The place was packed. We made gravy for the turkey. My dad carved it. We were excited to eat.
the family was on vacation at location and took a selfie on the monorail . it was a clear sunny day and they were relieved to see the park was n't too crowded . they rode some rides | including a roller coaster . they visited the gift shop and the dad insisted on buying a silly t shirt . they went back outside after shopping and were in awe at how beautiful the park looked all lit up against the darkening sky .,"The family was on vacation at the location and snapped a selfie aboard the monorail. It was a beautifully clear, sunny day, and they felt so relieved to find the park wasn't too crowded. They enjoyed several rides, including a roller coaster, and visited the gift shop, where the dad insisted on buying a whimsical t-shirt. After shopping, they stepped back outside and were absolutely in awe of how stunning the park looked, all lit up against the darkening sky.","The family was on vacation at the location and took a selfie on the monorail. It was a clear, sunny day, and they were relieved the park wasn't too crowded. They rode some rides, including a roller coaster, and visited the gift shop, where the dad insisted on buying a goofy t-shirt. After shopping, they went back outside and were impressed by how the park looked all lit up against the darkening sky."
when i was little | i lived next to the water . i lived in an apartment building with 5 stories . i used to wake up every day and admire the statue out front . it was built to honor world war ii . every day before bed | i would pray in the community chapel next to my building .,"When I was little, I lived right next to the water in a five-story apartment building. Each morning, I would wake up and admire the statue out front, which honored World War II. Every night before bed, I would pray in the community chapel beside my building.","I lived by the water as a kid, in a five-story apartment building. Every day I woke up and looked at the statue honoring World War II out front. Before bed each night, I prayed in the chapel next to my building."
an old organization is being remodeled . it 's being turned into a science center . a lot of work needs to be done here . hopefully we will have a lot of help . the center will be called `` science is here '',"An older organization is currently being remodeled and transformed into a science center. Quite a bit of work still needs to be done here, and I really hope we'll have plenty of help. The center will be named ""Science Is Here.""","An old organization is undergoing remodeling to become a science center. A significant amount of work is required, and we should aim to secure ample assistance. The center will be designated ""Science Is Here."""
we had a fun christmas this year . in this picture | my youngest son is posing with location . really feeling the christmas spirit | my two sons made a great gingerbread house . my sons wore matching pajamas on christmas eve . on christmas morning | i gave my sons candy canes from the tree . my son 's liked the wii the best out of all their christmas presents .,"We had such a delightful Christmas this year! In this photo, my youngest son is posing with the location—he's really feeling the Christmas spirit. My two sons made an adorable gingerbread house together. They wore matching pajamas on Christmas Eve, and on Christmas morning, I gave them candy canes from the tree. My sons loved the Wii the best out of all their Christmas presents.","We had a fun Christmas this year. In this picture, my youngest son is posing with the location—really feeling the Christmas spirit. My two sons built a great gingerbread house. They wore matching pajamas on Christmas Eve. On Christmas morning, I gave my sons candy canes from the tree. My sons liked the Wii best out of all their Christmas presents."
the cars racing were extremely impressive to watch ! and the eye candy there was quite incredible as well . the trophies wait for the winners to claim them . the girls dance around | adding to the triumphant atmosphere . afterwards there 's a bit more partying and canoodling .,"The cars racing were absolutely breathtaking to watch! The visual spectacle was simply stunning as well. The trophies await the winners to claim them. The girls dance around, enhancing the celebratory atmosphere. Afterwards, there's a little more partying and affectionate moments.","The car racing was extremely impressive to watch. The visual display was quite incredible too. The trophies are waiting for the winners to claim them. The girls dance around, adding to the triumphant atmosphere. Afterwards, there's more partying and canoodling."
the soldier shook hands with her superior officer . they chatted about location ; were they are both from . the sailors lined up to greet the veterans . the sailors were all dressed in the best uniforms . the vets have arrived !,"The soldier warmly shook hands with her superior officer, and they chatted about where they both come from. The sailors lined up to greet the veterans, all dressed in their finest uniforms. The veterans have arrived!","The soldier shook hands with her superior officer; they discussed their respective locations. The sailors lined up to greet the veterans, all wearing their best uniforms. The vets have arrived."
[female] went shopping for furniture for her new offuce first she picked out a desk . then she went through the wide selection of chairs | testing them out until she found one she liked . she browsed the vertical filing cabinets . she decided she only needed two smaller | regular filing cabinets .,"She went shopping for furniture for her new office, first selecting a lovely desk. Then she explored the wide variety of chairs, trying each one out until she found the perfect fit. She browsed through the vertical filing cabinets and ultimately decided that two smaller, standard ones would be just right.","She went shopping for office furniture, first picking out a desk. Then she tested the extensive selection of chairs until finding one that suited her. She checked the vertical filing cabinets and determined two regular-sized ones were all she needed."
i went for a walk around town . i saw a lot of abandoned buildings there . there was a lot of garbage everywhere . there was nobody in the park . i came home and found a note from my friend .,"I took a lovely stroll through town and noticed so many abandoned buildings around. There was garbage scattered absolutely everywhere, and the park was completely empty. When I got back home, I discovered a sweet note from my friend!","I went for a walk in town and saw numerous abandoned buildings. Garbage was everywhere, and the park had no one in it. I returned home and found a note from my friend."
i always enjoy going to a jobs seminar in my town . this year the seminar had a guest speaker . his presentation was wonderful and the screen behind him included a lot of great information . the speaker was very motivating and he inspired the audience to find better jobs . at the end of his presentation he answered questions and everybody left the seminar feeling very satisfied,"I always love attending job seminars in my town. This year, the seminar featured a guest speaker whose presentation was absolutely wonderful. The screen behind him displayed so much helpful information. He was incredibly motivating and truly inspired everyone to seek better employment. After his talk, he answered questions, and everyone left feeling completely satisfied.","I always enjoy going to job seminars in my town. This year’s seminar included a guest speaker with a strong presentation. The screen behind him showed plenty of useful information. His talk was highly motivating and inspired the audience to pursue better jobs. He took questions at the end, and everyone left the seminar feeling very satisfied."
production came into the meeting today to show off the new line . it began with some brown pants . next were some pastel colored nightgowns . after that were some jackets . they came in two colors | pink and a reddish orange . they were really excited about the jackets and believed they would be next season 's best sellers .,"The production team came into the meeting today to showcase the new line. It started with some brown pants, followed by a few pastel-colored nightgowns. After that, they presented some jackets, which came in two lovely colors—pink and a reddish orange. They were truly excited about the jackets and felt they would be next season's best sellers.","Production came into the meeting today to show the new line. It began with brown pants, then moved to pastel-colored nightgowns. After that, jackets were shown in two colors: pink and reddish orange. They were very excited about the jackets and believed they'd be next season's best sellers."
a boyfriend and girlfriend went on a date . they visited an aquarium . the first exhibit they saw was filled with stingrays . walking through the building | they also saw a large skeleton of a whale hanging from the ceiling . a frog exhibit was also at the aquarium . before leaving | they made sure to visit the jelly fish . those were their favorite .,"A boyfriend and girlfriend enjoyed a lovely date at the aquarium. The first exhibit they explored featured stingrays. As they walked through the building, they also admired a large whale skeleton hanging from the ceiling. A frog exhibit was also part of the aquarium. Before leaving, they made sure to see the jellyfish, which were their absolute favorite.","A boyfriend and girlfriend went on a date to the aquarium. They saw stingrays in the first exhibit. Walking through the building, they also spotted a large whale skeleton hanging overhead. The aquarium had a frog exhibit too. Before leaving, they checked out the jellyfish—those were their favorite."
the store front was in view . we stopped for nuts . they had a great variety . then we rode the ferris wheel . our last stop was the mock castle for photos .,"We spotted the storefront ahead and paused to purchase some nuts, which came in such a delightful assortment. Afterwards, we enjoyed a ride on the ferris wheel, and our final destination was the charming mock castle where we took photos.","We saw the storefront and stopped for nuts—they had a wide selection. Then we rode the ferris wheel, and our last stop was the mock castle to take photos."
today we went to a heroes convention . there were lots of booths and work shops . we decided to visit one of the larger comic vendor booths.there were so many different comics . we met one really famous person.i was so excited he signed my tummy . there were some really funny signs.and some that other people thought were funny | but i did not get . we listened to a panel discuss some of there upcoming events and presentations . they talked along time .,"Today we attended a heroes convention filled with numerous booths and workshops. We chose to explore one of the larger comic vendor booths, which offered a vast selection of comics. We had the delightful experience of meeting a very famous person, and I was absolutely thrilled when he signed my tummy. There were some genuinely amusing signs, and a few others that people found funny but I didn't quite understand. We also listened to a panel discussing their upcoming events and presentations, and they spoke for quite a long time.","We hit up a heroes convention today with tons of booths and workshops. We checked out one of the bigger comic vendor booths—they had a huge range of comics. Met a really famous guy there and got him to sign my tummy; it was awesome. Some signs were pretty funny, others not so much to me. Caught a panel talking about their upcoming events; they went on for a while."
i went to an amusement park last week . there were a ton of decorations there . i got to ride on some rides . they were very fast . i had a lot of fun there .,"I visited an amusement park last week, and it was absolutely charming with all the delightful decorations. I enjoyed going on several rides, which were incredibly thrilling. It was such a wonderful and fun experience!",I hit the amusement park last week—tons of decorations everywhere. Rode some rides; they were super fast. Had a blast.
the farmer 's union convention took place today . the oldest union members were granted certificates . he spoke with the family members of the union leaders . het met with the kids to hear about their interests . she demonstrated an idea for the leader .,"The farmer's union convention occurred today, where the most senior members received certificates. She conversed with the families of the union leaders and met with the children to listen to their interests. She presented an idea to the leader.",The farmer's union convention was held today. The longest-standing union members were awarded certificates. He talked with the family members of the union leaders and met with the kids to hear their interests. He demonstrated an idea for the leader.
my grandmother owned a large collection of caligraphy pens and paper . she also had a lot of old hand painted pictures on her wall . some were very intricate and beautiful . i have always loved looking at the art station that she did her artwork on . even the very drawing board she used had beautiful artwork on it .,"My grandmother had a lovely collection of calligraphy pens and paper. She also kept many old hand-painted pictures on her wall, some of which were incredibly intricate and beautiful. I've always adored gazing at the art station where she created her artwork; even the drawing board itself was adorned with beautiful art.","My grandmother owned a large collection of calligraphy pens and paper. She had numerous old hand-painted pictures on her wall, some highly intricate and beautiful. I've always enjoyed studying the art station where she worked; even the drawing board featured impressive artwork."
was in dire need of a cupcake so i went to sprinkles in location location . apparently they were having some kind of thing where you buy a cupcake and they give to charity . that 's a nice thing they are doing . i bought several cupcakes . this is the window where they tease you with the yummy cupcakes . here 's my box .,"I was absolutely craving a cupcake, so I headed over to Sprinkles in location location. It turns out they were running this sweet promotion where purchasing a cupcake means a donation to charity. How lovely of them to do that! I ended up buying a few cupcakes. This is the window where they tempt you with all those delicious treats. Here's my little box of goodies.","Needed a cupcake badly, so I went to Sprinkles in location location. They had a deal going—buy a cupcake and they donate to charity. Solid move on their part. I picked up several cupcakes. This window shows off all the tasty cupcakes. Here's the box I got."
we took a trip today and saw many things including this poster for protests . we saw a wall with written scripts on it . we even saw these statues . many people were out and about on the streets . there was even a lion dancing parade .,"We had such a lovely trip today and spotted so many things, including this poster for protests. We noticed a wall covered in beautiful written scripts and even came across these charming statues. The streets were bustling with many people out and about, and we even got to see a delightful lion dancing parade!","We went on a trip today and saw numerous sights, including a protest poster. We observed a wall with written scripts on it and encountered several statues. Many people were active on the streets, and there was even a lion dancing parade."
today we walked around the streets of location . even just in average stores they had beautiful artwork carvings . the building of the city were spectacular . i could just stand outside and stare at the buildings . most of them were decorated with intricate artwork .,"Today, we strolled through the streets of location. Even ordinary shops displayed such lovely artwork and carvings. The city's buildings were absolutely breathtaking—I could have stood outside for hours just gazing at them. So many were adorned with exquisite, intricate designs.","Today we walked through the streets of location. Even average stores had impressive artwork carvings. The city's buildings were spectacular—I could just stand and stare at them. Most featured detailed, intricate artwork."
early plumbing included lions | who spit out dragons . the disciples were concerned with [female] 's lack of bathing . both [female] and the baby [male] said | `` talk to the hand | '' when it came to the subject . riots ensued in the medieval streets . whereas the dragons stroked their chins | contemplating the human odor .,"Early plumbing featured lions that elegantly released water, while the disciples expressed concern over her infrequent bathing. Both she and the baby boy responded dismissively, saying, ""Talk to the hand,"" on the topic. Unrest erupted in the medieval streets, as the dragons thoughtfully stroked their chins, pondering the human scent.","Early plumbing had lions that spat out water; the disciples worried about her not bathing enough. She and the baby boy both retorted, ""Talk to the hand,"" regarding the issue. Riots broke out in the medieval streets, while the dragons stroked their chins, considering the human odor."
this couple just recently got married and they could n't be happier . they are walking down the aisle as husband and wife | this is a big moment in their lives . as the exit the church they embrace their families that are very happy for them . the groom hugs his mother and his mother congratulates him . the bride hugs her mother and the mother is crying tears of joy right now .,"This couple just got married and they couldn't be more thrilled. They're walking down the aisle as husband and wife—what a beautiful moment in their lives. As they exit the church, they embrace their families, who are so happy for them. The groom hugs his mother, and she congratulates him warmly. The bride hugs her mother, who is now crying tears of pure joy.","The couple just got married and are extremely happy. They're walking down the aisle as husband and wife—this is a major moment in their lives. As they leave the church, they greet their families, who are very pleased for them. The groom hugs his mother, and she congratulates him. The bride hugs her mother, and her mother is crying tears of joy."
the flower girl was so cute the brides father walked her down the isle the bride and groom sat and waited to kiss the groom and his best man posed for pictures the couple got married on the ocean,"The adorable flower girl was escorted down the aisle by the bride’s father, while the bride and groom sat patiently, awaiting their kiss. The groom and his best man posed for lovely photos, as the couple celebrated their oceanfront wedding.","The flower girl was really cute as the bride’s father walked her down the aisle. The bride and groom sat and waited to kiss, and the groom and best man posed for pictures. They got married by the ocean."
a man poses with his parents . this is a picture of a little boy . this is a picture of a boy wearing green . this is a picture of santa . this is a professional picture .,A man poses alongside his parents. This captures a sweet little boy. It shows a boy dressed in green. It’s a photo of Santa. The picture has a professional quality.,A man stands with his parents. This is a shot of a young boy. It’s an image of a boy in green. This is a picture of Santa. It’s a professional photo.
it was a nice day . we did n't want to go shopping | but had to . there were great deals at the store . of course we had to try them out . and pick all the stuff that we like . and | to make it less boring | goof around with some of the products .,"It was such a lovely day! We really didn't feel like going shopping, but we had to because there were amazing deals at the store. Of course we just had to check them out and pick all the things we absolutely loved. And to make it more fun, we played around with some of the products.","It was a good day. We didn't want to go shopping, but we had to since there were great deals at the store. We had to try them out and pick all the stuff we liked. And to make it less boring, we messed around with some products."
the new ride is called the viper . it has a lot of sharp turns . the first group that went screamed a lot . i was watching from the tower in the center of the park . the people loved it .,The new ride is called the Viper. It has so many sharp turns! The first group that went on it was screaming constantly. I watched everything from the tower right in the center of the park. Everyone just loved it.,The new ride is named the Viper. It features numerous sharp turns. The initial group that rode it screamed extensively. I observed from the tower at the park's center. The riders clearly enjoyed it.
we 're here to see all the beautiful sights and sounds of nature . here | in the forest | the air is clean and it is extremely peaceful . look at all the beautiful flowers on the trees . purple is a favorite color . the natural colors seem to pop against the sunlight . this has been an awesome adventure !,"We're here to enjoy all the beautiful sights and sounds of nature. Here in the forest, the air is so fresh and it feels wonderfully peaceful. Look at all the lovely flowers on the trees—purple is such a favorite color. The natural colors really stand out in the sunlight. This has been such an amazing adventure!","We're here to take in all the impressive sights and sounds of nature. Here in the forest, the air is clean and it's incredibly peaceful. Look at all the striking flowers on the trees—purple is a top color. The natural colors pop vividly against the sunlight. This has been a fantastic adventure!"
here is the father of the bride . here is my husband holding our kid . look at the happy couple that got married . this is their first kiss as bride and groom . lovely picture of them kissing by the water .,"Here's the father of the bride, and here is my husband cradling our little one. Look at the happy newlyweds—this is their first kiss as bride and groom. Such a lovely picture of them kissing by the water's edge.","There's the father of the bride, and here's my husband holding our kid. Check out the happy couple that just got married—this is their first kiss as bride and groom. Nice picture of them kissing by the water."
i recently went to my friend 's wedding . here is everybody gathered waiting for it to start . the bride and the groom are walking down the aisle ! and now they 're exchanging vows . here is the reception afterwards | i wish the couple the best !,"I recently attended my friend's wedding. Here is everyone gathered, eagerly waiting for the ceremony to begin. The bride and groom are walking down the aisle! Now they're exchanging heartfelt vows. Here is the reception afterward—I wish the couple all the best!","I went to my friend's wedding recently. Here's everybody gathered, waiting for it to start. The bride and groom are walking down the aisle. They're now exchanging vows. Here's the reception after—best wishes to the couple."
everyone was excited for the day of fun . we were dressed up | and the fountain looked lovely . the sun was intense- good thing we had sunscreen ! there was a beautiful moment in the gazebo . overall a great and memorable day !,"Everyone was absolutely thrilled for the day of fun. We had gotten all dressed up, and the fountain looked simply lovely. The sun was so intense—thank goodness we had sunscreen! There was such a beautiful moment in the gazebo. Overall, it was a truly great and memorable day!","Everyone was pumped for the day of fun. We were dressed up, and the fountain looked sharp. The sun was intense—good thing we had sunscreen. There was a cool moment in the gazebo. Overall, a great and memorable day."
today i am going to meet my family . i leave the for the boat early to catch my ride on the water . outside the sights are nice like a large white ferris wheel in the distance . the water is blue and i am ready for my adventure . had a little fun measuring myself today with a giant ruler . finally made it and now off to eat some great food and tell some awesome stories .,"Today I'm going to meet my family. I left early for the boat to catch my ride on the water. Outside, the sights are lovely, like a large white Ferris wheel in the distance. The water is a beautiful blue, and I feel so ready for this adventure. I had a bit of fun measuring myself today with a giant ruler. I've finally made it, and now I'm off to enjoy some wonderful food and share some amazing stories.","Today I’m meeting my family. I left early for the boat to catch my ride on the water. Outside, the sights are impressive, like a large white Ferris wheel in the distance. The water is blue, and I’m set for my adventure. Had some fun measuring myself today with a giant ruler. Made it finally, and now heading out for great food and to tell some awesome stories."
[female] and [male] walked toward the beach to get married . they kissed for the cameras before they took their vows . [male] 's niece was skeptical of this type of casual wedding . but [female] 's dad was totally on board . at the reception people had fun | and even the dog was invited .,"[Female] and [male] strolled hand in hand toward the beach for their wedding ceremony. They shared a sweet kiss for the cameras before exchanging their heartfelt vows. [Male]'s niece felt a bit unsure about such a relaxed celebration, yet [female]'s dad was completely supportive. At the reception, everyone enjoyed themselves, and even their beloved dog joined in the festivities.","[Female] and [male] headed to the beach to get married. They kissed for the cameras prior to the vows. [Male]'s niece had doubts about the informal wedding, but [female]'s dad was fully in favor. At the reception, people had a good time, and the dog was included."
i went to the wedding earlier . there were many people there . the food was delicious . we spent many hours dancing . the cake was also very good .,"I attended the wedding earlier, and it was so lovely with so many people there! The food was absolutely delicious, and we spent hours dancing—the cake was also incredibly good.","I was at the wedding earlier. There were a lot of people there, and the food was great. We danced for hours, and the cake was also very good."
why did men always talk about the price of gas she wondered . her husband would drive miles out of the way just to save a few pennies and it annoyed her . she put it out of her mind and decided to think about the class reunion . she looked forward to seeing all her old friends . once they got there she was n't shocked when the men began discussing the price of gasoline .,"She wondered why men so often discussed gasoline prices. Her husband would drive considerable distances merely to save a small amount, which she found irritating. She shifted her focus to the upcoming class reunion, eagerly anticipating reconnecting with former friends. Upon arrival, it came as no surprise when the men immediately resumed their conversations about fuel costs.","She questioned why men always talked about gas prices. Her husband drove miles extra just to save cents, and it annoyed her. She dismissed it and turned her thoughts to the class reunion. She was keen to see her old friends. When they got there, she wasn't surprised the men started discussing gasoline costs again."
the belly dancer arrived for her first lesson of the day . the photographer got good shots for the participants . she showed them hand movements to go with the hips . everyone enjoyed cake after class . the gathered interest allowed for signups for the next session to happen .,"The belly dancer arrived for her first lesson of the day, and the photographer captured lovely shots for the participants. She gracefully demonstrated hand movements to complement the hips, and everyone savored cake after class. The enthusiastic interest gathered allowed signups for the next session to proceed.","The belly dancer arrived for her first lesson of the day; the photographer got solid shots for the participants. She showed them hand movements to match the hips, and everyone enjoyed cake after class. The strong interest gathered enabled signups for the next session."
having a few drinks at the party . or maybe more than a few . everyone is having a good time . maybe too much as she says enough good times ! enjoying some delicious snacks and beverages | some adult beverages too ! we even had some cake . looks like someone is a fan of organization organization . some minor violence erupted after a few too many adult beverages .,"We're having such a lovely time at the party with a few drinks—or perhaps a bit more! Everyone is thoroughly enjoying themselves, maybe a little too much, as she insists we've had enough fun for now. We're savoring delicious snacks and beverages, including some grown-up drinks, and even had some cake. It seems someone really appreciates organization! Unfortunately, a bit of a scuffle broke out after one too many adult beverages.","Had a few drinks at the party, maybe more. Everyone's having a good time, possibly too good—she said enough's enough. Enjoyed some great snacks and drinks, adult ones included. Even had cake. Looks like someone's big on organization. A little scuffle started after too many drinks."
today we went to [male] 's seafood restaurant to celebrate [male] and [female] 's engagement . they were happy to be here and to celebrate their happy moment with their family and friends . all the boys wanted a photo together . they have grown up to be such gentlemen ! here is the happy couple . [female] and [male] have been dating for 2 years . [male] shows off one of the presents that he and [female] received . it will look nice in their living room .,Today we celebrated [male] and [female]'s engagement at [male]'s seafood restaurant. They were absolutely thrilled to share this joyful occasion with their loved ones. All the young men wanted a group photo together—they've grown into such wonderful gentlemen! Here's the happy couple. [female] and [male] have been together for two years. [male] proudly displayed one of the gifts they received; it will look lovely in their living room.,Today we went to [male]'s seafood restaurant to celebrate [male] and [female]'s engagement. They were happy to be there and mark the occasion with family and friends. All the guys wanted a photo together. They've turned into real gentlemen. Here's the happy couple. [female] and [male] dated for 2 years. [male] showed off one of the presents they got—it'll look good in their living room.
the wedding was a lot of fun yesterday . the bride and groom were very happy that everyone could make it . their wedding cake was very beautiful and tasty . all of the wedding guests had plenty of time to get to know one another . afterward they all went to a bar for some drinks .,"The wedding yesterday was absolutely wonderful! The bride and groom were overjoyed that everyone was able to attend. Their wedding cake looked absolutely gorgeous and tasted delicious. All the wedding guests had such a lovely time getting to know each other. Afterward, they all went to a bar for drinks.","The wedding was a lot of fun yesterday. The bride and groom were glad everyone could make it. Their wedding cake looked great and tasted good. All the guests had time to meet each other. Afterward, they went to a bar for drinks."
family and friends prepare for their friends | the bride and groom | to arrive . they arrive and talk to each other . the brides father gives a touching speech about her . the groom helps the bride cut the cake after wedding . the bride 's dad then dances with his wife .,"Family and friends excitedly await the arrival of the bride and groom. They warmly greet the couple and share heartfelt conversations. The bride's father delivers a tender speech about his daughter. Following the ceremony, the groom assists the bride in cutting the cake. The bride's father then shares a dance with his wife.",Family and friends prepare for the bride and groom to arrive. They meet the couple and exchange words. The bride's father gives a direct speech about her. The groom helps the bride cut the cake after the wedding. The bride's dad then dances with his wife.
this sign makes me sad because it is a reminder of those who fought for our country . the police officer is ensuring that the parade remains safe . the color guards signal the start of the parade . the flag lined street makes for a awesome photo opportunity . i was excited to see this organization store | as it reminds me of my childhood .,"This sign brings me such sadness as it recalls those who bravely fought for our country. The police officer is working to keep the parade safe for everyone. The color guards beautifully signal the parade's beginning. The flag-lined street creates a wonderful photo opportunity. I felt so excited to see this organization store, as it brings back cherished childhood memories.",This sign makes me sad because it reminds me of those who fought for our country. The police officer is ensuring the parade stays safe. The color guards signal the parade's start. The flag-lined street makes for an awesome photo op. I was excited to see this organization store since it reminds me of my childhood.
the family arrived for the wedding . the cooks got together to prepare the wedding dinner . there was chocolate fondue for the guests . the servers made some last minute preparations for the dinner . the couple arrived to have their wedding cake .,The family arrived for the wedding. The cooks gathered to prepare the wedding dinner. There was chocolate fondue for the guests. The servers made some last-minute preparations for the dinner. The couple arrived to enjoy their wedding cake.,The family arrived for the wedding. The cooks assembled to prepare the wedding dinner. There was chocolate fondue for the guests. The servers completed last-minute preparations for the dinner. The couple arrived to have their wedding cake.
organization organization is a magical place . the characters are fun for everyone to see . the parades are especially fun to watch . children 's eyes light up when they see the characters . it 's the perfect place to create lasting memories .,"The organization is an absolutely magical place! Everyone has so much fun seeing the charming characters. The parades are especially delightful to watch, and children’s eyes just light up with joy when they spot their favorites. It’s truly the perfect place to create beautiful, lasting memories.","The organization is a magical place. The characters are fun for everyone to see, and the parades are especially great to watch. Kids’ eyes light up when they see the characters. It’s the perfect place to create lasting memories."
this couple just got married and is walking out of the church . they have their first dance at the wedding reception and everyone watches the bridesmaids are having a great time . other family and friends are enjoying their time at the wedding . people who have n't seen each other in awhile are catching up .,"A newlywed couple is joyfully exiting the church after their ceremony. They share their first dance together at the reception, surrounded by loving guests. The bridesmaids are absolutely delighted, while other family and friends are thoroughly enjoying the celebration. People who haven't seen each other in some time are happily reconnecting.","A couple just got married and is walking out of the church. They have their first dance at the reception as everyone watches. The bridesmaids are having a great time, and other family and friends are enjoying themselves. People who haven't seen each other in a while are catching up."
we took a group picture before the event . my wife was very happy to be present . the cake was magnificent and white . my brother wore a yellow shirt and tie . the bride and groom both wore white .,"We gathered for a group photo before the celebration began, and my wife was absolutely delighted to be there. The cake looked stunning in its pristine white design. My brother had on a yellow shirt with a coordinating tie, while the bride and groom both chose elegant white outfits.",We got a group photo before the event started. My wife was really happy to be there. The cake was impressive and all white. My brother wore a yellow shirt and tie. The bride and groom both had on white.
the men prepared for the wedding before they sat outside . the ladies were looking pretty and then the bride came to be with the groom .,"The men got ready for the wedding before they gathered outside, while the ladies looked lovely and then the bride arrived to join the groom.","The men prepared for the wedding prior to taking their seats outdoors, as the women appeared attractive and the bride came to be with the groom."
the hobby set was up it the shape of a baseball fiels . we got to see an up close inspection of a figurine . the family was having a good time at the festival . the mom helped to clean up . the power went out at the end of the night at the festival .,"The hobby set was arranged in the shape of a baseball field. We had the opportunity to examine a figurine closely. The family thoroughly enjoyed their time at the festival. The mother assisted with tidying up. At the conclusion of the evening, the power went out at the festival.",The hobby set was set up like a baseball field. We got a close look at a figurine. The family had a great time at the festival. The mom helped clean up. The power went out at the end of the night.
the reception is set up | the food is out and the guests have started to arrive . what a wonderful toast the best man made for the bride and groom . the groom enjoys dancing with his mom to her favorite song . the bride is having a nice dance with her dad to the song wonderful tonight . the party goes on and the dancing continues late into the night .,"The reception is all set up, the food is beautifully displayed, and the guests have started arriving. What a heartfelt toast the best man gave for the bride and groom. The groom is joyfully dancing with his mom to her favorite song, and the bride is sharing a lovely dance with her dad to ""Wonderful Tonight."" The celebration keeps going, and the dancing continues late into the evening.","The reception is ready, the food is out, and the guests are arriving. The best man delivered a great toast for the bride and groom. The groom is dancing with his mom to her favorite song, and the bride is dancing with her dad to ""Wonderful Tonight."" The party continues and the dancing goes on late."
i went to the party last week . it was for a wedding . there were many guests there . i gave them a lot of flowers . afterward i went back home .,I attended a wedding celebration last week. There were so many lovely guests present! I brought them a beautiful bouquet of flowers before heading back home afterward.,"I went to a wedding party last week. There were many guests there. I gave them a bunch of flowers, then I went back home."
our day cruise up the river was a lot of fun and had fantastic views of nature . the great bridges were in abundance so that crossing was possible . the view of the water fading in the distance makes you appreciate nature . the boat was small but comfortable . we felt safe on this one . our friends enjoyed themselves on the river cruise too !,"Our day cruise up the river was such a delightful experience, with absolutely stunning views of nature all around. There were so many beautiful bridges, making crossings easy and seamless. Watching the water gently fade into the distance truly makes you feel connected to the natural world. The boat, though cozy, was very comfortable, and we always felt secure during our journey. Our friends had a wonderful time on the river cruise as well!","Our day cruise up the river was a lot of fun, offering fantastic views of nature throughout. The numerous bridges made crossing straightforward and efficient. Seeing the water stretch into the distance gives a real appreciation for the outdoors. The boat was compact yet comfortable, and we felt completely safe aboard. Our friends really enjoyed the river cruise too."
today was the wedding we were all waiting for | we had to have one last bro moment before our bud was fully enslaved . it was a pretty rad wedding out on the beach | all of our buds were there . this was by far the best picture | just before they sealed the deal . looks like the little bro and sis had something to say about the wedding . it was a pretty rad party wedding | of course the bride was the center of attention | just like in everything else she tries to do .,"Today was the wedding we'd all been looking forward to. We shared one last moment together as friends before our dear friend made his commitment. It was such a lovely beach wedding—all our friends were there. This was absolutely the best photo, taken just before they exchanged vows. It seems the younger siblings had some thoughts about the ceremony. It was a truly beautiful celebration, and naturally, the bride was the center of attention, as she tends to be in everything she does.","Today was the wedding we'd all been waiting for. We had to have one final bro moment before our buddy got hitched. It was a pretty awesome beach wedding—all our guys were there. This was hands-down the best picture, right before they sealed the deal. Looks like the little bro and sis had something to say about the wedding. It was a seriously cool party wedding, and of course the bride was the center of attention, just like in everything else she does."
the outdoor wedding has a beautiful venu . the bride and groom pose for a picture . the bridesmaids talk to each other about the wedding . the bride and groom exchange vows . the bride and groom happily pose for a picture .,The outdoor wedding features a lovely venue. The bride and groom smile for a photo. The bridesmaids chat together about the celebration. The couple exchanges heartfelt vows. They joyfully pose for another picture.,The outdoor wedding has a nice venue. The bride and groom take a picture. The bridesmaids discuss the wedding. The couple exchanges vows. They happily take another photo.
a guest at the wedding takes a picture of the photographer . the guests mingle and talk . the children play on the floor . finally the bride and groom enter . a speech is given for them .,"A wedding guest snaps a photo of the photographer, while the guests chat and mingle together. The little ones play happily on the floor. At last, the bride and groom make their entrance, and a heartfelt speech is given in their honor.","A wedding guest takes a shot of the photographer as guests mingle and talk. Kids play on the floor. Finally, the bride and groom enter, and a speech is delivered for them."
[male] and aliza addressing the wedding party . the audience cheering them on . as they cut the wedding cake . and shared the first piece with each other . followed by their first dance of the night .,"[Male] and Aliza turned to face their wedding party, with the audience cheering them on sweetly. As they cut the wedding cake together, they shared the first piece with each other gently, then enjoyed their first dance of the night warmly.","[Male] and Aliza addressed the wedding party as the audience cheered them on. They cut the wedding cake and shared the first piece, then began their first dance of the night."
it was a really beautiful day for a wedding . the special guests had some really nice cars . the florists did a nice job on the buttonholes for the guys . the sun shone through the palm leaves-it was such a pretty place . even the table decorations were pretty special .,It was an absolutely beautiful day for the wedding. The special guests arrived in such lovely cars. The florists did a wonderful job on the boutonnieres for the gentlemen. The sunlight filtered through the palm leaves—it was such a charming place. Even the table decorations were exceptionally pretty.,It was a very beautiful day for the wedding. The special guests had some really nice cars. The florists did a good job on the buttonholes for the guys. The sun shone through the palm leaves—it was a great spot. Even the table decorations were quite special.
today was [female] 's first time visiting the local fair . this year 's fair seemed bigger than the last . even aunt [female] came all the way down here to join us . [female] had fun on the huge swing and the water slide .,"Today was [female]'s first visit to the local fair, and this year's event felt much larger than the previous one. Even Aunt [female] traveled all the way here to be with us. [female] really enjoyed the enormous swing and the water slide.",Today marked [female]'s first trip to the local fair. This year's fair was noticeably bigger than last year's. Even Aunt [female] came all the way down to join us. [female] had a great time on the huge swing and the water slide.
i woke up yesterday and i had to clean my room . it was a mess everywhere . after i finished i made some food for myself because i was starving . i spent some time thinking about what to do next . i decided to head out into the town for the night .,"Yesterday morning, I woke up and just had to tidy my room—it was such a mess all over! After finishing, I prepared a little something to eat because I was absolutely starving. I took some time to ponder what to do next, and eventually decided to go out into town for the evening.","I got up yesterday and had to clean my room—it was a complete mess. Once I was done, I made some food because I was starving. I spent a bit of time figuring out my next move, then decided to head into town for the night."
i was so grateful for my sister allowing me to move in with her after my divorce . i started to eat a bit more healthier | and these seeds are part of my journey . i cut out bread | and just ate meant amd vegetables . my sister wants me to help her with a healthy lifestyle as well . she is a sweet person | and deserves all the happiness .,"I felt incredibly grateful when my sister let me move in with her following my divorce. I began eating a bit healthier, and these seeds are part of my journey. I eliminated bread and focused on just eating meat and vegetables. My sister wants me to assist her with adopting a healthy lifestyle too. She's such a sweet person and truly deserves all the happiness.","I was really grateful my sister allowed me to move in after my divorce. I started eating a bit healthier, and these seeds are part of that. I cut out bread and stuck to meat and vegetables. My sister wants me to help her with a healthy lifestyle as well. She's a sweet person and deserves all the happiness."
on the ride to the beach he was not amused . arrived an the beach and exploring . we had to carry him everywhere and it got very tiring family picture before heading back we got the stroller out now and pavement and it was a lot easier .,"On the drive to the beach, he was not having a good time. When we got there and started exploring, we had to carry him the entire time, which became quite exhausting. Before heading home, we took a family photo and finally got the stroller out for the pavement, making everything so much easier.","He wasn't amused on the ride to the beach. After arriving and exploring, we had to carry him everywhere, and it got tiring. Before heading back, we took a family picture and got the stroller out for the pavement, which made it a lot easier."
we started on our way to the museum . we passed by the beach which we would go back to later . our kids almost could n't wait to get into the building . it was busy | so we had to wait for a while . eventually | we got in | and the kids had so much fun looking at everything especially this dog .,"We began our journey to the museum, passing by the beach we planned to revisit later. The children could hardly contain their excitement to enter the building. It was quite crowded, so we had to wait briefly. Eventually, we made it inside, and the kids absolutely adored exploring everything, especially that adorable dog.","We set out for the museum, passing the beach we intended to return to later. The kids were impatient to get inside. It was busy, so we waited a bit. We got in eventually, and the kids enjoyed seeing everything, particularly that dog."
[male] loved slot machines and was always excited to be in location location | even for a few days . he did n't win very often | but he still had fun . soon | however | it would be time to get back to work . but since he was a pilot | [male] knew his schedule would soon bring him back to location location . it was probably for the best | he thought to himself | that he could never stayed that long . that way | he never lost too much money and always looked forward to returning for more fun .,"He absolutely adored slot machines and was always thrilled to be in location location, even if just for a few days. He rarely won, but he still had a wonderful time. Soon, though, it would be time to return to work. But as a pilot, he knew his schedule would bring him back to location location before long. It was probably for the best, he reflected, that he could never stay too long. That way, he never lost excessive money and always eagerly anticipated returning for more enjoyment.","He loved slot machines and was always pumped to be in location location, even for a few days. He didn't win often, but he still had a blast. Soon, however, it was time to get back to work. But since he was a pilot, he knew his schedule would soon bring him back to location location. It was probably for the best, he figured, that he could never stay that long. That way, he never lost too much cash and always looked forward to coming back for more fun."
in the woods | there was a broken tree . there was also a bug . there was some water by the rock . the leaf was dead . and there was a berry .,"In the woods, a broken tree stood, while a little bug crawled nearby. Some water rested by the rock, a dead leaf lay still, and a sweet berry waited.","A broken tree stood in the woods, a bug was present, water sat by the rock, the leaf was dead, and a berry was there."
it was the 4th of july and we were ready to go watch the most spectacular firework show around . there were many fireworks that had amazing colors . some of the fireworks were very loud and scared us like this one . some of the fireworks made no noise at all | but they were still pretty . the grand finale was great . there were many fireworks let off all together which made for an intense show .,"It was the Fourth of July, and we were so excited to watch the most spectacular firework show around. The fireworks displayed such amazing colors! A few were incredibly loud and startled us, like this one. Others made no noise at all, but they were still so pretty. The grand finale was absolutely wonderful—with so many fireworks set off together, it created such an intense and breathtaking show.","On the Fourth of July, we were set to watch the most spectacular firework show around. Many fireworks had amazing colors. Some were extremely loud and startled us, like this one. Others made no noise but were still impressive. The grand finale was great—numerous fireworks launched together made for an intense display."
boom ! boom ! boom ! the wonders of a fireworks display . the designs an colors of fireworks are mesmerizing . some look like crystals . others look like pom-poms . the finale is always the best part of a fireworks display .,"Oh my! Boom, boom, boom—what a dazzling fireworks display! The designs and colors are simply mesmerizing. Some look like sparkling crystals, while others resemble fluffy pom-poms. The finale is always the absolute best part!","Boom, boom, boom—that’s the power of a fireworks display. The designs and colors are mesmerizing. Some look like sharp crystals; others look like pom-poms. The finale is always the best part."
i have always wanted to ride a ferris wheel . i got the opportunity this spring to finally go on one . as i looked up i got a bit fearful . in my mind i thought i was going to get dizzy like i was on a fast ride . it felt like i was on a ride that kept spinning and spinning .,"I've always dreamed of riding a ferris wheel, and this spring, I finally had the chance to experience one. Gazing upward, I felt a little nervous, imagining I might become dizzy as if on a thrilling ride. It seemed as though I were on a ride that spun endlessly.","I've always wanted to ride a ferris wheel, and this spring, I finally got to go on one. Looking up, I felt a bit fearful, thinking I might get dizzy like on a fast ride. It felt like being on a ride that just kept spinning."
touring the architecture of the city was a favorite of mine . we were able to go at our own pace . when you look at the details of the building you appreciate how much time it took . the clocks still work after all these years . i have always wondered how they got the stones to make a slight curve on the buildings .,"I absolutely loved exploring the city's architecture. We could take our time and wander at our own pace. When you notice the intricate building details, you really appreciate the immense effort that went into them. It's amazing how the clocks are still functioning perfectly after all this time. I've always been curious about how they managed to shape the stones to create those gentle curves on the buildings.",Touring the city's architecture was a favorite activity of mine. We had the freedom to set our own pace. Observing the building details makes you recognize the significant time investment required. The clocks continue to operate flawlessly despite their age. I've often wondered about the technique used to shape the stones for the buildings' subtle curves.
forth of july firework show . beautiful lights on a pleasantly warm night . the police on crowd control were well behaved | even towards young black men . some rebel firework users . what better way to celebrate a rebellion ? station is closed . time to walk a few more blocks .,"The Fourth of July fireworks show was just lovely, with beautiful lights sparkling on a pleasantly warm night. The police handling crowd control were very respectful, even toward young Black men. A few independent firework users added their own sparkle—what a perfect way to honor a rebellion! The station is closed now, so it's time for a nice walk a few more blocks.","Fourth of July fireworks: brilliant lights on a warm night. Police kept crowd control orderly and fair, even with young Black men. A few rogue firework users—fitting tribute to rebellion. Station’s closed. Time to walk a few more blocks."
i had the best time at the organization theme park . i met my favorite monster . i went on some amazing rides . i got to explore [male] 's hat . i even got to see beauty and the beast live .,"I had the most wonderful time at the organization theme park! I met my favorite monster, went on some absolutely amazing rides, explored [male]'s hat, and even got to see Beauty and the Beast live.","I had a great time at the organization theme park. I met my favorite monster, went on some awesome rides, explored [male]'s hat, and saw Beauty and the Beast live."
all manner of muscle cars gathered for the event . there were very interesting paint jobs on some vehicles . a spectator admired the engine of one car in particular . all along 3rd avenue | people gathered to admire the machines . the grills of some cars were works of art all on their own .,"A wonderful assortment of muscle cars gathered for the event. Some vehicles had such interesting and creative paint jobs! A spectator was admiring the engine of one car in particular. All along 3rd Avenue, people came together to appreciate these beautiful machines. The grilles on some cars were truly works of art in themselves.",Every type of muscle car assembled for the event. Some vehicles had impressive custom paint jobs. A spectator checked out the engine of one car. Crowds lined 3rd Avenue to admire the machines. The grilles on certain cars were standout works of art.
our cruise landed us at location harbor for the day . we toured the sites and took many photos including this amusement park on the waterfront . we went on a tour of the harbor on a boat just like the this one . we cruised past the location harbor bridge . where we waited for sunset to capture this wonderful image of the famous location opera house .,"Our cruise brought us to Location Harbor for a wonderful day! We explored the sights and captured so many photos, including this charming amusement park right by the water. We enjoyed a delightful harbor tour on a boat just like this one, cruising past the Location Harbor Bridge. We waited for sunset to take this beautiful picture of the famous Location Opera House.","Our cruise docked at Location Harbor for the day. We toured the sites and took numerous photos, including this amusement park on the waterfront. We took a harbor tour on a boat identical to this one, cruising past the Location Harbor Bridge. We waited for sunset to capture this impressive image of the famous Location Opera House."
the art at the exhibit was cool . very unusual and strange . some of i i could not tell what it was . other things just seemed thrown together . i took a picture of a vase i liked and headed out .,"The exhibit's art was so intriguing and wonderfully unusual—some pieces were so abstract I couldn't quite decipher them, while others felt almost whimsically assembled. I snapped a photo of a vase that really spoke to me before leaving.","The art at the exhibit was impressive and strikingly unusual. Some pieces were hard to identify, while others appeared haphazardly put together. I took a picture of a vase I liked and left."
after riding the carnival rides all morning the family decides to take a break . they buy some toys for their kids and then decide that it is time to eat . they choose the open kitchen because the mascot is so cute . the meals for the kids are family friendly and delicious . but mom orders a fancy dessert for herself . it is the perfect end to the perfect meal .,"After enjoying the carnival rides all morning, the family opts for a break. They pick out some toys for their children and then agree it's time to eat. They select the open kitchen since the mascot is absolutely adorable. The kids' meals are both family-friendly and tasty. However, Mom treats herself to an elegant dessert. It's the ideal conclusion to a wonderful meal.","After riding the carnival rides all morning, the family takes a break. They buy toys for their kids and decide to eat. They choose the open kitchen because the mascot looks cool. The kids' meals are good and family-friendly. But Mom gets a fancy dessert for herself. It's a perfect end to a great meal."
last night i had some good chinese food . then i went to hard rock for some drinks . after that i explored the city and saw this beautiful boat . next i took a ride on the ferris wheel . the skyline looked gorgeous .,"Last night, I enjoyed some delicious Chinese food. Then I headed to Hard Rock for a few drinks. Afterward, I explored the city and spotted this beautiful boat. Next, I took a ride on the Ferris wheel, and the skyline looked absolutely gorgeous.",Last night I had good Chinese food. Then I went to Hard Rock for drinks. After that I explored the city and saw a beautiful boat. Next I rode the Ferris wheel. The skyline looked gorgeous.
everyone met up together to ride bikes this weekend . we traveled all over the city on our bikes | it was so much fun . [male] was goofing off and almost lost his bike . thankfully he was able to catch his bike before it got away from him . everyone had a great time | nothing beats hanging out with your friends .,"Everyone gathered together to ride bikes this weekend. We journeyed all across the city on our bicycles—it was absolutely delightful. [male] was being playful and nearly lost his bike, but fortunately he managed to catch it just in time. Everyone had a wonderful time; there's nothing quite like spending time with your friends.","Everyone met up to ride bikes this weekend. We covered the whole city on our bikes—it was a blast. [male] was messing around and almost lost his bike, but he caught it before it got away. Everyone had a great time; nothing beats hanging with friends."
[male] and [male] met for their weekly bike ride in the neighborhood . [male] was there | ready to ride with the others . [male] was also there | joking around and ready to ride . [male] showed off some of his bike skills at the end of the ride . after the ride | the boys and their girlfriends gathered round for a few drinks and a chat .,"[male] and [male] met for their weekly neighborhood bike ride. [male] was present and prepared to ride with the group. [male] was also there, lightheartedly joking and eager to ride. [male] displayed some of his biking abilities at the ride's conclusion. Afterward, the boys and their girlfriends gathered for drinks and conversation.","[male] and [male] met up for their weekly bike ride around the neighborhood. [male] was there, geared up to ride with the others. [male] showed up too, cracking jokes and ready to go. [male] demonstrated his bike skills at the end of the ride. After riding, the guys and their girlfriends got together for drinks and a chat."
this was a family of many generations here they were as young adults and as grandparents they loved each generation the same they were married over 50 years,"This family spanned many generations, with members present as young adults and as grandparents; they cherished every generation equally and celebrated over fifty years of marriage together.","A family of many generations, present as young adults and grandparents, valued each generation equally and were married for over fifty years."
the house was old but the tree was pretty . there were many old homes by the big ferris wheel in the colorful district .,"The house was old, yet the tree was quite lovely. So many charming old homes stood near the enormous Ferris wheel in that vibrant district.","The house was old, but the tree was striking. Numerous aged homes were located by the massive Ferris wheel in the colorful district."
we attended a family members wedding with our parents . my sister and her boyfriend made goofy faces for the camera . they her and my aunt put on silly sunglasses . our cousin made a very touching speech that made my aunt cry . after the wedding we went to see the statue of liberty .,"We attended a family member's wedding with our parents. My sister and her boyfriend made playful faces for the camera. She, along with my aunt, put on fun sunglasses. Our cousin gave a deeply moving speech that brought my aunt to tears. After the wedding, we visited the Statue of Liberty.","We attended a family member's wedding with our parents. My sister and her boyfriend made goofy faces for the camera. They, my aunt, and she put on silly sunglasses. Our cousin delivered a very touching speech that made my aunt cry. After the wedding, we went to see the Statue of Liberty."
marathon athletes train for iron man and similarly named competitions for long hours and some train early in the morning or late at night to be able to compete with the best in multiple stage events and those of us that are into this are dedicated to our passion . the day of the race is a very exciting time for me and i love to size up the competition as they do equipment checks and the like . the cycling portion of the race is my favorite part and it attracts some of the best athletes in the world so one has to be ready for the challenge because there are plenty to compete against . family members and lovers of these competitions line the final stages of such events to cheer us on as we try to pull out a win in the end or for some just finish the race and i love the running part . i do love these competitions but even if they stopped having them | i would still do it because it is my passion and especially cycling which is my favorite .,"Marathon athletes dedicate themselves to training extensively for Iron Man and similar competitions, often starting early in the morning or working late into the night to compete among the best in multi-stage events. Those of us passionate about this sport pour our hearts into it. Race day brings such excitement; I adore observing the competition during equipment checks and preparations. The cycling segment stands out as my favorite, drawing top athletes globally, so readiness is essential given the strong field. Family and supporters gather along the final stages, cheering us on whether we aim for victory or simply to finish—I truly cherish the running portion as well. These competitions hold a special place for me, but even if they ceased, I would continue pursuing this passion, especially cycling, which I love most.","Marathon athletes train hard for Iron Man and comparable events, putting in long hours with early mornings or late nights to compete against the best in multi-stage races. Those dedicated to this sport are fully committed. On race day, it's an exciting time; I like sizing up the competition during gear checks and such. The cycling leg is my top choice, attracting elite athletes worldwide, so you have to be prepared for the challenge with many competitors. Spectators, including family and fans, line the final stretches to cheer us on as we push for a win or just to finish—the running part is great too. I really enjoy these events, but even if they ended, I'd keep at it because it's my passion, especially cycling, which is my favorite."
the beach 's waves were sturdy . the sky began to turn grey . the waves made a big splash against the rocks . it looked as though it was about to rain . he walked on the beach after the water began to calm down .,The waves at the beach were strong and steady. The sky started to fade to gray. A huge splash burst from the waves hitting the rocks. It seemed like rain was on the way. He strolled along the shore once the water grew calmer.,The beach's waves were powerful. The sky turned gray. The waves crashed hard against the rocks. It looked like rain was coming. He walked on the beach after the water settled.
i was very excited to play in the game tonight . we had been practicing very hard . our coach believes in us . we got together for a group hug . we were going to try our best to win .,I was so thrilled to play in tonight's game. We had been practicing incredibly hard. Our coach truly believes in us. We came together for a group hug. We were going to give our absolute best to win.,I was pumped to play in the game tonight. We'd been practicing hard. Our coach believes in us. We got together for a quick team huddle. We were going to give it our all to win.
this is a picture of a young girl . this is a picture of a mexican plate . this is a picture of a beach . this is a picture of three people . two friends are sitting on a bench .,"This picture shows a young girl, a Mexican plate, a beach, and three people with two friends sitting together on a bench.","A photo of a young girl, a Mexican plate, a beach, and three people—two friends seated on a bench."
the waves were hitting the shore and the rocks were pretty . the people were walking along and talking while they took photos .,"The gentle waves kissed the shore, and the rocks were absolutely beautiful. People strolled along, chatting happily as they snapped photos.",Waves crashed against the shore and the rocks looked sharp. People walked and talked while taking photos.
we went to the beach today . it was very sunny outside . we had a lot of fun walking along the edge . there was a lot of things to see . it was a very fun day .,"We had such a lovely day at the beach today! The sunshine was absolutely beautiful, and we had so much fun strolling along the shoreline. There were so many wonderful things to see—it was just a perfect day.","We hit the beach today—it was really sunny out. We had a great time walking along the edge, with plenty to check out. It was a solid, fun day."
hey | there is that famous guy | i am going to ask him to sign this for me ... he signed it ! i went and found my friends and had them gather around to see what i just got . then we went out to get on our bikes and ride to a party . things seemed fun and everyone seemed nice . but | then | we looked behind us and saw this freaky guy and ran !,"Hey! There's that famous person—I'm going to ask them to sign this for me... They signed it! I went and found my friends and had them gather around to see what I just received. Then we went out to get on our bikes and ride to a party. Everything seemed fun and everyone seemed nice. But then, we looked behind us and saw this strange person and ran!","Hey, there's that famous guy—I'm going to ask him to sign this... He signed it! I went and found my friends and had them gather around to check out what I got. Then we went out to get on our bikes and ride to a party. Things seemed fun and everyone seemed cool. But then, we looked behind us and saw this freaky guy and ran!"
our week at the beach was fantastic . the kids loved playing in the beach . my wife loved laying out in the sun . i finally caught up with my reading . we 'll miss those days at the pool and beach !,"Our week at the beach was absolutely wonderful! The kids adored playing in the sand and waves, my wife thoroughly enjoyed soaking up the sun, and I finally got to relax with my books. We'll cherish those precious days by the pool and shore!","Our beach week was great. The kids had a blast playing in the ocean, my wife liked sunbathing, and I got through my reading. We'll miss the time at the pool and beach."
wow | when is someone going to start this meeting ? we are all here with our hands on our heart just waiting . ok | they are starting . finally ! and thank you for your service and for being here today . can we pose with some flowers to really get this meeting going today ?,"Wow, when is this meeting going to start? We're all here with our hands on our hearts just waiting. Okay, they're starting—finally! And thank you for your service and for being here today. Can we take a photo with some flowers to really kick things off today?","Okay, when are they starting this meeting? We're all here waiting, hands on hearts. Alright, they're getting going—finally. Thanks for your service and for showing up. Should we take a picture with flowers to launch this meeting properly?"
took my daughter out to see the ocean . we walked along the pavement until we got to a good spot . you could see ships and a great view of the water . grandma helped point things out to her for a while . eventually she tired out and we headed home .,"My daughter and I had a lovely time visiting the ocean. We strolled along the pavement until we found a perfect viewing spot. There were ships to admire and a beautiful water view. Grandma kindly pointed out various sights to her for a bit. After a while, she grew tired, so we made our way home.",I took my daughter to see the ocean. We walked the pavement until reaching a good spot. Ships were visible with a clear view of the water. Grandma helped show her things for some time. Eventually she wore out and we went home.
the ceremony began with a wife pinning her husband for his accomplishment . he could n't help but feel proud as he received his promotion . another fellow service member received her reward . people of all backgrounds and rank were awarded that day . it was a wonderful day filled with honorable people being recognized for their accomplishments .,"The ceremony opened with a wife proudly pinning her husband to celebrate his achievement. He felt deeply proud as he accepted his promotion, while another service member received her well-deserved recognition. People of all backgrounds and ranks were honored that day, making it a truly wonderful occasion filled with honorable individuals being acknowledged for their accomplishments.","The ceremony started with a wife pinning her husband for his accomplishment. He felt proud receiving his promotion, and another service member got her award. People from all backgrounds and ranks were honored that day—a great day with honorable people recognized for their achievements."
getting my first glimpse of location was so exciting . i loved the view so much i decided i needed to see more of it from a sky lift . next we attended a soccer game at their famous stadium . my favorite time the whole trip was spent at the beach | sun bathing of course . we ended our trip visiting [male] . i never knew that statue was so huge | pictures do it no justice .,"Getting my first glimpse of the location was absolutely thrilling—I adored the view so much that I decided I simply had to see more of it from the sky lift. Next, we attended a soccer game at their famous stadium. My favorite time during the entire trip was spent at the beach, sunbathing, of course. We ended our trip by visiting [male]; I never realized that statue was so enormous—pictures truly don’t do it justice.","Catching my first look at the location was exciting—I liked the view enough to check out more from the sky lift. Next, we hit a soccer game at their famous stadium. My favorite part of the trip was time at the beach, sunbathing obviously. We wrapped up the trip by visiting [male]; I had no idea that statue was so huge—pictures can’t capture it."
our group rents bikes no matter where we vacation . we covered a lot of ground and took tons photos . so many ships passed by this island port . this area is not accessible by car . we stopped here for a rest | we had traveled many miles . back at the hotel | we took some photos while discussing dinner plans .,"Our group always rents bikes whenever we vacation. We explored so much territory and captured countless photos. Numerous ships sailed past this island harbor. This region isn't reachable by car. We paused here for a break since we had journeyed many miles. Back at the hotel, we snapped some pictures while chatting about dinner options.","Our group rents bikes on every vacation. We covered extensive ground and took heaps of photos. Many ships passed by the island port. This area is inaccessible by car. We stopped here to rest after traveling numerous miles. At the hotel, we took photos while discussing dinner plans."
washing and drying the t-shirt for the race . the racers gathered around getting instruction . location location run . another kind of racer gets ready . resting after the race .,Washing and drying the t-shirt for the race. The racers gathered around receiving instructions. The location is set for the run. Another type of racer prepares. Resting after the race concludes.,Washing and drying the t-shirt for the race. Racers gathered for instruction. Location ready for the run. Another racer preps. Resting post-race.
the bike race started very early in the morning with many competitors . these two racers are very close for the lead ! this bike racer waves to all of his adoring fans . the top racers were given awards and bouquets of flowers . relaxing and talking with friends later in the day .,"The bike race began so early this morning with lots of competitors. These two racers are really close for the lead! This bike racer waves to all his adoring fans. The top racers received awards and beautiful bouquets of flowers. Later in the day, they were relaxing and chatting with friends.","The bike race started early in the morning with many competitors. These two racers are very close for the lead. This bike racer waves to all his adoring fans. The top racers were awarded prizes and bouquets of flowers. Later, they relaxed and talked with friends."
today was the day of the race . they started out in the water . the bike race was next . after that was the five mile run . [male] pulled ahead at the last minute . here he is at the front of everyone almost halfway through .,"Today was the race day. They began in the water, then moved to the bike race. Following that was the five-mile run. [male] surged forward right at the end. Here he is, leading almost everyone halfway through.",Today was race day. They started in the water. The bike race came next. After that was the five-mile run. [male] pulled ahead at the last minute. Here he is at the front of everyone almost halfway through.
it was a great day to go racing and off they went ! even the dog was loving this sunny day each racer pushed themselves harder and harder it was such a great race that day all enjoyed it,"It was such a wonderful day for racing, and off they went! Even the dog adored the sunshine. Each racer pushed themselves with such determination—it made for a truly fantastic race that everyone thoroughly enjoyed.","It was a great day for racing, and off they went. Even the dog loved the sunny conditions. Every racer pushed hard, making it an excellent race that all enjoyed."
we are getting to that age where we are going to milestone birthday parties . at least we get to see our friends . here is the pretty 40th birthday cake . the birthday boy was waiting for the candles to be lit . we dimmed the lights for him to make his wish .,We're reaching that stage in life where milestone birthday celebrations are becoming more frequent. At least it gives us the chance to catch up with dear friends. Here's the lovely 40th birthday cake. The birthday boy was eagerly anticipating the candle lighting. We softened the lighting to create a special moment for his wish.,We're hitting the age where milestone birthday parties are happening. At least we get to see our friends. Here's the 40th birthday cake. The birthday guy was waiting for the candles to be lit. We cut the lights so he could make his wish.
this is my dog with purple bows on her ears . this is my cat . my dog an cat get along well . we are celebrating our collective birthdays today with a beautiful cake . it is yummy too . we scarfed up more than half of it . what a wonderful and beautiful day to celebrate .,"This is my dog with lovely purple bows on her ears, and this is my cat. My dog and cat get along so wonderfully. We're celebrating all our birthdays together today with a beautiful cake—it's absolutely delicious! We've already eaten over half of it. What a truly wonderful and beautiful day to celebrate!",This is my dog with purple bows on her ears. This is my cat. My dog and cat get along well. We're celebrating our collective birthdays today with a nice cake. It tastes good. We ate more than half of it. What a great day to celebrate.
we were at a birthday party with cake ! people were being silly and holding up masks to their faces . they were giving out zebra plushes as party favors because it was her favorite animal . we then cut the cake . they handed out balloons as well .,"We attended a delightful birthday celebration complete with cake! Everyone was being wonderfully silly, playfully holding up masks to their faces. As party favors, they gave out adorable zebra plushes since they were her absolute favorite animal. Afterwards, we all enjoyed cutting the cake together, and they also handed out colorful balloons to everyone.","We were at a birthday party with cake. People were being goofy, holding masks up to their faces. They handed out zebra plushes as party favors—her favorite animal. Then we cut the cake. They also distributed balloons."
`` who 's a party animal ? this guy right here . '' the friends snuggled up on the couch to take some photos . `` who needs silverware ? '' `` i love cake ! i 'm going to eat it right now ! '' everyone that attended the party had a great time .,"""Who's the life of the party? It's definitely this person right here!"" The friends cozied up on the couch to snap some photos. ""Who even needs utensils?"" ""I absolutely adore cake—I'm going to enjoy it right this moment!"" Everyone who came to the celebration had a truly wonderful time.","""Who's the party animal? This guy right here."" The friends gathered on the couch to grab some shots. ""Who needs silverware?"" ""Love this cake—I'm digging in now."" Everyone at the party had a great time."
getting to see this band play was a real treat for us . having a refreshing beer after the show really hit the spot . these were hanging all over the telephone lines . this cowboy playing guitar was especially fun to listen to . this deli makes a great sandwich !,It was such a delight for us to see this band perform! Enjoying a crisp beer afterward was absolutely perfect. These were draped all along the telephone lines. Listening to this cowboy play guitar was especially enjoyable. This deli makes a wonderful sandwich!,Catching this band live was a real treat. Grabbing a cold beer post-show hit the spot. These were strung up all over the telephone lines. That cowboy on guitar was especially fun to hear. This deli makes a great sandwich.
the college students were celebrating the end of semester . the went to a restaurant for dinner . everyone was a little goofy after all the tests . it was so nice to relax . the group was quite big and had a great time .,"The college students were celebrating the semester's end by going to a restaurant for dinner. Everyone felt a bit silly after finishing all the tests, and it was wonderfully relaxing. The large group had such a lovely time together.","The college students celebrated the end of the semester with dinner at a restaurant. Everyone was a little goofy after the tests, making it a great time to unwind. The big group had a blast."
jackons birthday has arrived ! we have a carrot cake ! we are so happy grandpappy was able to come ! ok [male] - get ready ... 1 ... .2 ... .3 ! ! ! make a wish . look at grandpappy - he is shooting some hoops ! go grandpappy | go ! ! [male] was fortunate to have friends and family for his birthday celebration .,"Jackson's birthday has arrived! We've prepared a lovely carrot cake. We're absolutely delighted that Grandpappy could join us! Okay, dear - prepare yourself... one... two... three!!! Make a wish. Look at Grandpappy - he's playing basketball! Go Grandpappy, go!!! Jackson felt so blessed to celebrate with friends and family.",Jackson's birthday is here. We've got carrot cake. Glad Grandpappy made it. Alright - get set... 1... 2... 3!!! Make a wish. Check out Grandpappy shooting hoops. Go Grandpappy! Jackson was fortunate to have friends and family at his birthday.
we gathered for [male] 's surprise party at the restaurant . we got the signal that he was in the parking lot . we lit all the candles and got the cameras ready . [male] 's face will tell you how he feels about surprises . eventually he came around and joined in the fun . everyone had a great time .,"We gathered at the restaurant for [male]'s surprise party. When we got the signal that he was in the parking lot, we lit all the candles and prepared the cameras. [male]'s expression truly showed how he feels about surprises. He eventually came around and joined in the fun, and everyone had a wonderful time.","We met at the restaurant for [male]'s surprise party. On the signal he was in the parking lot, we lit the candles and got the cameras set. [male]'s face says it all about surprises. He came around and joined the fun, and everyone had a great time."
these friends have gathered to shoot off rockets in the snowy mountains . they set up the rockets . throw a few snowballs at them . set up the launchpad . and wait . oh the suspense .,"These friends have gathered to shoot off rockets in the snowy mountains. They set up the rockets, toss a few snowballs at them, arrange the launchpad, and wait. Oh, the anticipation!","These friends have gathered to shoot off rockets in the snowy mountains. They set up the rockets, throw some snowballs at them, position the launchpad, and wait. The suspense builds."
there was a school assembly today | with prizes being handed out . the principal made a speech . then the vice principal made her speech . everyone was very interested in what they had to say . at the the end of the day | quite a few people got awards .,"There was a school assembly today with prizes being handed out. The principal gave a speech, and then the vice principal gave hers. Everyone was quite interested in what they had to say. At the end of the day, quite a few people received awards.","There was a school assembly today with prizes handed out. The principal delivered a speech, then the vice principal gave hers. Everyone paid close attention to what they said. At the day's end, many people got awards."
[female] prepares to lie to the voters here she is claiming no responsibility . these old cronies look a little angry . here [female] promises to read the bill after it is passed . here [female] signs the bill | not knowing what is in it .,"[female] prepares to mislead the voters, claiming no accountability. These longtime allies appear rather upset. Here, [female] vows to review the legislation after its passage. [female] then signs the bill without full awareness of its contents.","[female] gets ready to deceive the voters by disclaiming any responsibility. These old allies look somewhat displeased. Here, [female] pledges to examine the bill once it's passed. [female] signs it without knowing what's inside."
i took some photos at the reception using a black and white setting . i experimented with some close up shots | too . i liked the way these came out . sometimes color is overwhelming . speaking of overwhelming | here 's my wild cousin . this was a little too dark . i need to practice my photography .,"I took several photos at the reception using a black and white setting. I also experimented with some close-up shots. I really liked how they turned out—sometimes color can feel so overwhelming. Speaking of overwhelming, here's my wild cousin. This one was a bit too dark, though. I definitely need more practice with my photography.","I shot some photos at the reception with a black and white setting. Tried some close-ups too. Liked how these came out—color can be overwhelming. Speaking of overwhelming, here's my wild cousin. This was too dark. I need to work on my photography."
everyone gathered for grandma 's birthday . everyone sang and took pictures . she blew out the candles on the cake . she even got to meet the newest member of the family we gathered for a family photo .,Everyone came together for Grandma's birthday celebration. They all sang songs and took lovely pictures. She blew out the candles on her beautiful cake and even got to meet the newest little member of the family before gathering for a sweet family photo.,The whole family gathered for Grandma's birthday. They sang and took photos. She blew out the candles on the cake and met the newest family member before we all got together for a family picture.
let 's get the party going . it feels good to be with lovely friends . this is my day . i hope what i wish for will come true . who wants some drink and food ? so delicious ! thank you for the birthday present . i got something wonderful . good friends stays faithful and they are always loyal .,"Let's start the celebration! It feels wonderful to be surrounded by such lovely friends. This day is truly mine, and I'm hoping all my wishes come true. Would anyone like some refreshments or snacks? Everything tastes absolutely delightful! I'm so grateful for the birthday gift—I received something truly special. True friends remain faithful and always show their loyalty.","Let's kick off the party. It's great hanging out with good friends. Today's my day, and I'm counting on my wishes coming through. Who's up for drinks or food? Tastes awesome! Thanks for the birthday present—got something really cool. Loyal friends stick around and always have your back."
his friends kept telling him to get cable tv . he got cable tv . do n't go to cult dance parties and get netflix after going three times [male] became this . once he realized he doesnt get the channel `` gators chasing humans '' is on | he started going to cult dance parties . this is [male] | he is quite a fairy .,"His friends continually encouraged him to get cable TV, so he did. However, after attending three cult dance parties, he decided to get Netflix instead. Once he realized the channel showing ""Gators Chasing Humans"" wasn't available, he returned to the dance parties. That's just who he is—quite a whimsical soul.","His friends pushed him to get cable TV, so he got it. After going to three cult dance parties, he switched to Netflix. When he found out he couldn't get the channel ""Gators Chasing Humans,"" he went back to the parties. That's him—quite the character."
they kicked off the party by going to the local italian restaurant . the homies drank alcohol and ate food . they started off with a cucumber salad . they finished with some smoked tuna . overall the homies had a great time .,"The friends began the celebration by heading to the neighborhood Italian restaurant. They enjoyed cocktails and delicious food, starting with a refreshing cucumber salad and ending with smoked tuna. Everyone had a wonderful time together.","The crew started the party at the local Italian spot. The guys drank booze and ate grub, kicking things off with a cucumber salad and finishing with smoked tuna. The homies had a blast."
